-- Adminer 4.0.3 MySQL dump

SET NAMES utf8;
SET foreign_key_checks = 0;
SET time_zone = '+01:00';
SET sql_mode = 'NO_AUTO_VALUE_ON_ZERO';

DROP TABLE IF EXISTS `category`;
CREATE TABLE `category` (
  `id` int(11) NOT NULL AUTO_INCREMENT,
  `visible` tinyint(1) NOT NULL DEFAULT '1',
  `name` varchar(255) COLLATE utf8_czech_ci NOT NULL,
  `code` varchar(255) COLLATE utf8_czech_ci NOT NULL,
  `sex` enum('male','female') COLLATE utf8_czech_ci NOT NULL,
  `age` int(11) NOT NULL,
  `team` tinyint(1) NOT NULL DEFAULT '0',
  PRIMARY KEY (`id`)
) ENGINE=InnoDB DEFAULT CHARSET=utf8 COLLATE=utf8_czech_ci;

INSERT INTO `category` (`id`, `visible`, `name`, `code`, `sex`, `age`, `team`) VALUES
(1,	1,	'M20',	'm20',	'male',	20,	0),
(2,	1,	'M40',	'm40',	'male',	40,	0),
(3,	1,	'Ž20',	'z20',	'female',	20,	0),
(4,	1,	'Ž40',	'z40',	'female',	40,	0),
(5,	1,	'M50',	'm50',	'male',	50,	0),
(6,	1,	'M51+',	'm60',	'male',	999,	0),
(7,	1,	'Ž50',	'z50',	'female',	50,	0),
(8,	1,	'Ž51+',	'z60',	'female',	999,	0),
(9,	1,	'ŠM+Ž',	'sm',	'male',	999,	1),
(10,	1,	'ŠŽ',	'sz',	'female',	999,	1);

DROP TABLE IF EXISTS `country`;
CREATE TABLE `country` (
  `id` int(11) NOT NULL AUTO_INCREMENT,
  `name` varchar(255) COLLATE utf8_czech_ci NOT NULL,
  `code` varchar(255) COLLATE utf8_czech_ci NOT NULL,
  `visible` tinyint(1) NOT NULL DEFAULT '1',
  `shortcut` varchar(255) COLLATE utf8_czech_ci DEFAULT NULL,
  PRIMARY KEY (`id`),
  UNIQUE KEY `code_UNIQUE` (`code`)
) ENGINE=InnoDB DEFAULT CHARSET=utf8 COLLATE=utf8_czech_ci;

INSERT INTO `country` (`id`, `name`, `code`, `visible`, `shortcut`) VALUES
(1,	'Česká Republika',	'cz',	1,	'ČR'),
(2,	'Slovenská Republika',	'sk',	1,	'SR'),
(3,	'Polska',	'pl',	1,	'PL'),
(4,	'Österreich',	'at',	1,	'AT'),
(5,	'Magyarország',	'hu',	1,	'HU'),
(6,	'Deutschland',	'de',	1,	'DE');

DROP TABLE IF EXISTS `race`;
CREATE TABLE `race` (
  `id` int(11) NOT NULL AUTO_INCREMENT,
  `id_series` int(11) DEFAULT NULL,
  `visible` tinyint(1) NOT NULL DEFAULT '1',
  `name` varchar(255) COLLATE utf8_czech_ci NOT NULL,
  `date` date DEFAULT NULL,
  `time` time DEFAULT NULL,
  `sport` varchar(255) COLLATE utf8_czech_ci DEFAULT NULL,
  PRIMARY KEY (`id`),
  KEY `fk_race_series_idx` (`id_series`),
  CONSTRAINT `fk_race_series` FOREIGN KEY (`id_series`) REFERENCES `series` (`id`) ON DELETE SET NULL ON UPDATE CASCADE
) ENGINE=InnoDB DEFAULT CHARSET=utf8 COLLATE=utf8_czech_ci;

INSERT INTO `race` (`id`, `id_series`, `visible`, `name`, `date`, `time`, `sport`) VALUES
(1,	1,	1,	'VALACHY DUATLON',	'2013-04-28',	'12:00:00',	'běh, cyklistika'),
(2,	1,	1,	'VALACHY MAN',	'2013-08-09',	'14:00:00',	'triatlon'),
(3,	1,	1,	'BĚHEJ VALACHY',	'2013-10-26',	NULL,	'běh'),
(4,	1,	1,	'BIKE VALACHY',	'2013-07-13',	'11:00:00',	'cyklistika'),
(5,	2,	1,	'NOČNÍ STOPA VALACHY',	'2014-03-01',	NULL,	''),
(6,	2,	1,	'VALACHY DUATLON',	'2014-04-26',	NULL,	''),
(7,	2,	1,	'BIKE VALACHY',	'2014-07-12',	NULL,	''),
(8,	2,	1,	'VALACHY MAN',	'2014-08-08',	NULL,	''),
(9,	2,	1,	'BĚHEJ VALACHY',	'2014-10-25',	NULL,	'');

DROP TABLE IF EXISTS `registration`;
CREATE TABLE `registration` (
  `id` int(11) NOT NULL AUTO_INCREMENT,
  `id_user` int(11) NOT NULL,
  `id_track` int(11) NOT NULL,
  `id_category` int(11) DEFAULT NULL,
  `visible` tinyint(1) NOT NULL DEFAULT '1',
  `created` datetime NOT NULL,
  `participation` tinyint(1) NOT NULL DEFAULT '0',
  `status` enum('new','paid') COLLATE utf8_czech_ci NOT NULL DEFAULT 'new',
  `role` enum('capitan','member') COLLATE utf8_czech_ci NOT NULL DEFAULT 'capitan',
  `fee` decimal(7,2) DEFAULT NULL,
  `start_number` int(11) DEFAULT NULL,
  PRIMARY KEY (`id`),
  KEY `fk_participation_user1_idx` (`id_user`),
  KEY `fk_registration_track1_idx` (`id_track`),
  KEY `fk_registration_category1_idx` (`id_category`),
  CONSTRAINT `fk_participation_user1` FOREIGN KEY (`id_user`) REFERENCES `user` (`id`) ON DELETE CASCADE ON UPDATE CASCADE,
  CONSTRAINT `fk_registration_category1` FOREIGN KEY (`id_category`) REFERENCES `category` (`id`) ON DELETE SET NULL ON UPDATE CASCADE,
  CONSTRAINT `registration_ibfk_1` FOREIGN KEY (`id_track`) REFERENCES `track` (`id`)
) ENGINE=InnoDB DEFAULT CHARSET=utf8 COLLATE=utf8_czech_ci;

INSERT INTO `registration` (`id`, `id_user`, `id_track`, `id_category`, `visible`, `created`, `participation`, `status`, `role`, `fee`, `start_number`) VALUES
(6,	4,	1,	2,	0,	'2013-04-04 17:22:19',	0,	'new',	'capitan',	68.92,	705),
(7,	1,	11,	2,	0,	'2013-04-05 10:54:06',	0,	'new',	'capitan',	51.85,	397),
(8,	1,	11,	2,	0,	'2013-04-05 10:56:21',	0,	'paid',	'capitan',	52.53,	869),
(9,	1,	12,	2,	0,	'2013-04-05 11:00:27',	0,	'new',	'capitan',	7.07,	155),
(10,	1,	12,	2,	0,	'2013-04-05 11:01:11',	0,	'new',	'capitan',	77.78,	168),
(11,	1,	12,	2,	0,	'2013-04-05 11:03:03',	0,	'paid',	'capitan',	67.66,	375),
(12,	11,	1,	2,	0,	'2013-04-05 13:25:00',	0,	'new',	'capitan',	4.99,	369),
(13,	10,	1,	5,	1,	'2013-04-05 13:37:10',	0,	'paid',	'capitan',	21.95,	719),
(14,	14,	1,	2,	1,	'2013-04-05 13:51:47',	0,	'new',	'capitan',	94.77,	490),
(15,	17,	1,	2,	1,	'2013-04-05 18:40:57',	0,	'paid',	'capitan',	8.01,	294),
(16,	21,	1,	2,	1,	'2013-04-06 14:50:19',	0,	'paid',	'capitan',	55.75,	999),
(17,	8,	1,	5,	1,	'2013-04-07 13:49:25',	0,	'paid',	'capitan',	54.70,	113),
(18,	24,	1,	2,	1,	'2013-04-08 09:06:00',	0,	'paid',	'capitan',	6.25,	567),
(19,	25,	1,	6,	1,	'2013-04-08 11:33:40',	0,	'paid',	'capitan',	67.15,	498),
(20,	11,	1,	2,	0,	'2013-04-08 12:50:13',	0,	'new',	'capitan',	17.03,	789),
(21,	11,	1,	2,	0,	'2013-04-08 12:51:56',	0,	'new',	'capitan',	83.66,	450),
(22,	11,	1,	2,	0,	'2013-04-08 12:56:32',	0,	'new',	'capitan',	67.25,	881),
(24,	2,	1,	2,	0,	'2013-04-08 14:30:22',	0,	'new',	'capitan',	85.24,	57),
(25,	11,	1,	2,	0,	'2013-04-08 14:49:48',	0,	'new',	'capitan',	24.45,	642),
(26,	28,	1,	2,	1,	'2013-04-08 21:01:59',	0,	'paid',	'capitan',	66.55,	39),
(27,	11,	1,	2,	0,	'2013-04-08 21:18:49',	0,	'new',	'capitan',	59.37,	270),
(28,	30,	1,	2,	1,	'2013-04-09 09:52:56',	0,	'new',	'capitan',	97.22,	233),
(29,	31,	1,	2,	0,	'2013-04-09 09:58:34',	0,	'new',	'capitan',	7.97,	353),
(30,	4,	1,	2,	0,	'2013-04-09 09:59:06',	0,	'new',	'capitan',	48.20,	66),
(31,	33,	1,	2,	1,	'2013-04-09 10:28:15',	0,	'paid',	'capitan',	17.08,	270),
(32,	11,	1,	2,	0,	'2013-04-09 10:36:31',	0,	'new',	'capitan',	40.82,	151),
(33,	11,	1,	2,	0,	'2013-04-09 10:39:54',	0,	'new',	'capitan',	52.84,	948),
(34,	34,	1,	2,	1,	'2013-04-09 11:00:45',	0,	'paid',	'capitan',	41.76,	286),
(35,	35,	1,	2,	1,	'2013-04-09 12:22:11',	0,	'paid',	'capitan',	50.26,	584),
(36,	2,	1,	2,	0,	'2013-04-09 14:42:26',	0,	'new',	'capitan',	26.03,	63),
(37,	38,	1,	2,	1,	'2013-04-09 15:46:44',	0,	'paid',	'capitan',	79.37,	564),
(38,	40,	1,	5,	1,	'2013-04-09 19:36:25',	0,	'paid',	'capitan',	18.76,	629),
(39,	42,	1,	4,	1,	'2013-04-09 21:57:10',	0,	'paid',	'capitan',	55.68,	455),
(42,	41,	1,	2,	1,	'2013-04-10 20:27:13',	0,	'paid',	'capitan',	22.13,	386),
(43,	48,	1,	4,	1,	'2013-04-10 20:34:28',	0,	'paid',	'capitan',	43.62,	568),
(44,	2,	1,	2,	0,	'2013-04-11 10:53:47',	0,	'new',	'capitan',	51.68,	679),
(45,	51,	1,	2,	1,	'2013-04-11 11:58:42',	0,	'new',	'capitan',	27.57,	692),
(46,	52,	1,	2,	1,	'2013-04-11 12:46:17',	0,	'paid',	'capitan',	82.82,	421),
(47,	29,	1,	2,	1,	'2013-04-11 13:09:28',	0,	'new',	'capitan',	31.35,	32),
(48,	11,	1,	2,	0,	'2013-04-11 14:02:47',	0,	'new',	'capitan',	8.33,	895),
(49,	54,	1,	1,	0,	'2013-04-11 14:07:20',	0,	'new',	'capitan',	47.58,	381),
(50,	1,	1,	2,	0,	'2013-04-11 14:30:13',	0,	'new',	'capitan',	12.89,	218),
(51,	58,	1,	5,	1,	'2013-04-11 16:06:40',	0,	'paid',	'capitan',	21.74,	949),
(52,	45,	1,	2,	1,	'2013-04-11 17:28:21',	0,	'paid',	'capitan',	70.02,	90),
(53,	59,	1,	2,	1,	'2013-04-11 18:08:55',	0,	'new',	'capitan',	84.86,	604),
(54,	62,	1,	2,	1,	'2013-04-12 07:56:28',	0,	'paid',	'capitan',	14.26,	749),
(55,	65,	1,	5,	1,	'2013-04-12 08:37:07',	0,	'paid',	'capitan',	16.73,	933),
(56,	66,	1,	2,	1,	'2013-04-12 09:23:39',	0,	'paid',	'capitan',	40.84,	418),
(57,	67,	1,	5,	1,	'2013-04-12 10:02:12',	0,	'paid',	'capitan',	54.03,	291),
(58,	70,	1,	6,	1,	'2013-04-12 14:34:13',	0,	'paid',	'capitan',	47.64,	203),
(59,	1,	1,	2,	0,	'2013-04-12 14:55:29',	0,	'new',	'capitan',	76.10,	140),
(60,	71,	1,	2,	1,	'2013-04-12 17:54:56',	0,	'paid',	'capitan',	37.58,	92),
(61,	72,	1,	2,	1,	'2013-04-12 19:54:51',	0,	'paid',	'capitan',	59.61,	38),
(62,	75,	1,	4,	1,	'2013-04-12 21:04:13',	0,	'paid',	'capitan',	85.30,	915),
(63,	76,	1,	2,	1,	'2013-04-12 22:16:46',	0,	'paid',	'capitan',	47.66,	461),
(64,	78,	1,	2,	1,	'2013-04-12 22:41:57',	0,	'paid',	'capitan',	82.40,	561),
(65,	6,	1,	2,	1,	'2013-04-12 22:42:17',	0,	'paid',	'capitan',	69.04,	420),
(66,	79,	1,	4,	1,	'2013-04-13 06:33:43',	0,	'new',	'capitan',	98.01,	420),
(67,	84,	1,	2,	1,	'2013-04-14 09:04:18',	0,	'new',	'capitan',	82.92,	839),
(68,	85,	1,	5,	1,	'2013-04-14 12:32:45',	0,	'paid',	'capitan',	20.56,	934),
(69,	86,	1,	4,	1,	'2013-04-14 16:32:25',	0,	'new',	'capitan',	54.04,	155),
(70,	87,	1,	5,	0,	'2013-04-14 21:07:43',	0,	'new',	'capitan',	8.54,	970),
(71,	44,	1,	5,	1,	'2013-04-15 08:37:10',	0,	'paid',	'capitan',	80.56,	386),
(72,	77,	1,	4,	1,	'2013-04-15 11:55:20',	0,	'paid',	'capitan',	77.18,	19),
(73,	93,	1,	2,	0,	'2013-04-15 15:59:28',	0,	'new',	'capitan',	44.21,	937),
(74,	94,	1,	2,	0,	'2013-04-15 16:17:21',	0,	'new',	'capitan',	89.54,	630),
(75,	95,	1,	5,	1,	'2013-04-15 18:02:17',	0,	'new',	'capitan',	15.06,	338),
(76,	97,	1,	1,	1,	'2013-04-15 19:31:37',	0,	'paid',	'capitan',	6.67,	800),
(77,	98,	1,	2,	1,	'2013-04-15 21:43:25',	0,	'paid',	'capitan',	88.19,	985),
(78,	102,	1,	1,	1,	'2013-04-16 18:24:21',	0,	'paid',	'capitan',	20.94,	527),
(79,	103,	1,	2,	1,	'2013-04-16 19:44:28',	0,	'paid',	'capitan',	40.10,	679),
(80,	104,	1,	2,	1,	'2013-04-17 12:26:55',	0,	'new',	'capitan',	37.71,	816),
(81,	105,	1,	1,	1,	'2013-04-17 12:44:08',	0,	'paid',	'capitan',	68.24,	42),
(82,	108,	1,	2,	1,	'2013-04-17 17:30:01',	0,	'paid',	'capitan',	28.09,	762),
(83,	109,	1,	1,	1,	'2013-04-17 18:13:24',	0,	'paid',	'capitan',	35.72,	682),
(84,	110,	1,	7,	1,	'2013-04-17 18:32:18',	0,	'new',	'capitan',	94.31,	126),
(85,	112,	1,	2,	1,	'2013-04-17 21:22:41',	0,	'paid',	'capitan',	64.41,	582),
(86,	113,	1,	5,	1,	'2013-04-17 22:26:55',	0,	'paid',	'capitan',	39.10,	532),
(87,	1,	1,	2,	0,	'2013-04-18 10:43:57',	0,	'new',	'capitan',	2.28,	914),
(88,	54,	6,	1,	0,	'2013-04-18 11:24:48',	0,	'new',	'capitan',	94.09,	975),
(89,	1,	13,	2,	0,	'2013-04-18 13:26:18',	0,	'new',	'capitan',	63.62,	134),
(90,	117,	1,	2,	1,	'2013-04-18 16:20:49',	0,	'paid',	'capitan',	35.82,	743),
(91,	124,	1,	1,	1,	'2013-04-19 11:32:46',	0,	'paid',	'capitan',	88.24,	315),
(92,	125,	1,	2,	1,	'2013-04-19 18:22:41',	0,	'paid',	'capitan',	33.74,	346),
(93,	126,	1,	2,	1,	'2013-04-19 19:26:56',	0,	'paid',	'capitan',	4.00,	782),
(94,	60,	1,	1,	1,	'2013-04-20 08:55:51',	0,	'paid',	'capitan',	18.77,	875),
(95,	128,	1,	2,	1,	'2013-04-20 09:00:18',	0,	'paid',	'capitan',	81.87,	28),
(96,	130,	1,	2,	1,	'2013-04-20 13:27:42',	0,	'paid',	'capitan',	53.01,	514),
(97,	131,	1,	2,	1,	'2013-04-20 16:44:56',	0,	'paid',	'capitan',	19.46,	485),
(98,	132,	1,	6,	1,	'2013-04-20 18:09:40',	0,	'paid',	'capitan',	38.28,	884),
(99,	133,	1,	2,	1,	'2013-04-21 09:30:14',	0,	'paid',	'capitan',	33.01,	966),
(100,	134,	1,	4,	1,	'2013-04-21 20:43:00',	0,	'paid',	'capitan',	50.21,	177),
(101,	136,	1,	1,	1,	'2013-04-21 21:34:33',	0,	'new',	'capitan',	52.02,	986),
(102,	137,	1,	2,	1,	'2013-04-22 07:13:17',	0,	'paid',	'capitan',	9.46,	401),
(103,	138,	1,	2,	1,	'2013-04-22 10:57:55',	0,	'new',	'capitan',	91.26,	48),
(104,	47,	1,	1,	1,	'2013-04-22 19:04:24',	0,	'paid',	'capitan',	27.91,	34),
(105,	74,	1,	2,	1,	'2013-04-22 20:17:51',	0,	'paid',	'capitan',	65.78,	28),
(106,	83,	1,	1,	0,	'2013-04-22 20:26:22',	0,	'new',	'capitan',	45.18,	37),
(107,	142,	1,	2,	1,	'2013-04-22 21:31:50',	0,	'paid',	'capitan',	28.57,	102),
(108,	143,	1,	2,	1,	'2013-04-22 22:04:50',	0,	'new',	'capitan',	7.27,	397),
(109,	140,	1,	3,	1,	'2013-04-22 22:19:06',	0,	'paid',	'capitan',	50.68,	679),
(110,	144,	1,	2,	1,	'2013-04-23 09:33:16',	0,	'new',	'capitan',	31.55,	205),
(111,	148,	1,	2,	1,	'2013-04-23 18:30:20',	0,	'paid',	'capitan',	5.74,	989),
(112,	139,	1,	2,	1,	'2013-04-23 20:13:03',	0,	'paid',	'capitan',	34.04,	327),
(113,	150,	1,	4,	1,	'2013-04-23 21:03:32',	0,	'paid',	'capitan',	52.97,	670),
(114,	151,	1,	3,	1,	'2013-04-23 21:08:47',	0,	'paid',	'capitan',	62.74,	368),
(115,	153,	1,	7,	1,	'2013-04-23 21:26:28',	0,	'paid',	'capitan',	54.79,	831),
(116,	154,	1,	2,	1,	'2013-04-23 22:00:18',	0,	'paid',	'capitan',	85.72,	50),
(117,	155,	1,	2,	1,	'2013-04-23 23:11:56',	0,	'paid',	'capitan',	64.24,	758),
(118,	157,	1,	1,	1,	'2013-04-23 23:17:53',	0,	'paid',	'capitan',	64.03,	641),
(119,	161,	1,	2,	1,	'2013-04-24 11:19:07',	0,	'paid',	'capitan',	27.45,	930),
(120,	163,	1,	2,	1,	'2013-04-24 15:43:27',	0,	'paid',	'capitan',	45.14,	728),
(121,	149,	1,	2,	1,	'2013-04-24 20:58:02',	0,	'paid',	'capitan',	43.36,	847),
(122,	158,	1,	1,	1,	'2013-04-24 21:00:10',	0,	'paid',	'capitan',	81.36,	54),
(123,	164,	1,	3,	1,	'2013-04-24 21:25:51',	0,	'new',	'capitan',	76.75,	728),
(124,	166,	1,	3,	1,	'2013-04-24 22:30:01',	0,	'paid',	'capitan',	39.65,	480),
(125,	167,	1,	2,	1,	'2013-04-24 22:41:16',	0,	'paid',	'capitan',	68.00,	214),
(126,	169,	1,	2,	1,	'2013-04-25 07:22:26',	0,	'new',	'capitan',	21.06,	630),
(127,	135,	1,	2,	1,	'2013-04-25 09:31:38',	0,	'paid',	'capitan',	1.29,	507),
(128,	4,	1,	2,	0,	'2013-04-25 10:17:36',	0,	'new',	'capitan',	43.27,	645),
(129,	54,	1,	1,	0,	'2013-04-25 10:29:45',	0,	'new',	'capitan',	12.47,	703),
(130,	171,	1,	2,	1,	'2013-04-25 10:56:50',	0,	'paid',	'capitan',	32.54,	580),
(131,	172,	1,	3,	1,	'2013-04-25 15:01:25',	0,	'new',	'capitan',	25.29,	794),
(132,	173,	1,	1,	1,	'2013-04-25 20:14:20',	0,	'paid',	'capitan',	28.83,	228),
(133,	174,	1,	5,	1,	'2013-04-25 20:31:16',	0,	'paid',	'capitan',	68.26,	756),
(134,	170,	1,	2,	1,	'2013-04-25 21:47:52',	0,	'paid',	'capitan',	54.83,	99),
(135,	101,	1,	2,	1,	'2013-04-26 14:05:32',	0,	'paid',	'capitan',	69.38,	224),
(136,	176,	1,	2,	0,	'2013-04-26 17:40:44',	0,	'paid',	'capitan',	82.41,	824),
(137,	177,	1,	3,	0,	'2013-04-26 17:51:15',	0,	'paid',	'capitan',	3.91,	450),
(138,	178,	1,	2,	1,	'2013-04-26 17:55:58',	0,	'paid',	'capitan',	72.34,	777),
(139,	180,	1,	2,	1,	'2013-04-27 10:37:47',	0,	'paid',	'capitan',	49.94,	536),
(140,	181,	1,	2,	1,	'2013-04-27 12:18:53',	0,	'paid',	'capitan',	32.69,	348),
(141,	182,	1,	2,	1,	'2013-04-27 12:35:44',	0,	'paid',	'capitan',	13.62,	134),
(142,	184,	1,	2,	1,	'2013-04-27 19:01:58',	0,	'paid',	'capitan',	70.04,	625),
(143,	185,	1,	2,	1,	'2013-04-27 21:48:32',	0,	'new',	'capitan',	9.34,	721),
(144,	187,	1,	2,	1,	'2013-04-27 23:42:39',	0,	'paid',	'capitan',	36.56,	731),
(145,	188,	1,	4,	0,	'2013-04-27 23:58:56',	0,	'paid',	'capitan',	54.79,	494),
(146,	196,	1,	5,	1,	'2013-04-28 10:02:22',	0,	'paid',	'capitan',	64.28,	274),
(147,	116,	1,	4,	1,	'2013-04-28 10:03:22',	0,	'paid',	'capitan',	57.04,	890),
(148,	197,	1,	5,	1,	'2013-04-28 10:05:17',	0,	'paid',	'capitan',	92.33,	630),
(149,	198,	1,	4,	1,	'2013-04-28 10:10:55',	0,	'paid',	'capitan',	90.54,	476),
(150,	199,	1,	1,	1,	'2013-04-28 10:12:04',	0,	'paid',	'capitan',	75.70,	493),
(151,	200,	1,	2,	1,	'2013-04-28 10:14:00',	0,	'paid',	'capitan',	6.89,	35),
(152,	201,	1,	1,	1,	'2013-04-28 10:15:01',	0,	'paid',	'capitan',	7.33,	695),
(153,	202,	1,	2,	1,	'2013-04-28 10:17:40',	0,	'paid',	'capitan',	15.99,	372),
(154,	203,	1,	2,	1,	'2013-04-28 10:19:12',	0,	'paid',	'capitan',	57.97,	774),
(155,	43,	1,	5,	1,	'2013-04-28 10:31:36',	0,	'paid',	'capitan',	41.89,	753),
(156,	39,	1,	5,	1,	'2013-04-28 10:32:06',	0,	'paid',	'capitan',	35.52,	444),
(157,	206,	1,	2,	1,	'2013-04-28 10:33:42',	0,	'paid',	'capitan',	51.92,	962),
(158,	207,	1,	2,	1,	'2013-04-28 10:35:02',	0,	'paid',	'capitan',	53.06,	476),
(159,	160,	1,	2,	1,	'2013-04-28 10:36:43',	0,	'paid',	'capitan',	9.55,	495),
(160,	209,	1,	2,	1,	'2013-04-28 10:40:09',	0,	'paid',	'capitan',	88.56,	49),
(161,	210,	1,	1,	1,	'2013-04-28 10:49:18',	0,	'paid',	'capitan',	14.13,	758),
(162,	82,	1,	2,	1,	'2013-04-28 10:50:03',	0,	'paid',	'capitan',	4.98,	644),
(163,	175,	1,	2,	1,	'2013-04-28 10:50:41',	0,	'paid',	'capitan',	82.50,	944),
(164,	211,	1,	6,	1,	'2013-04-28 10:52:56',	0,	'paid',	'capitan',	97.57,	790),
(165,	212,	1,	1,	1,	'2013-04-28 10:54:51',	0,	'paid',	'capitan',	40.34,	115),
(166,	213,	1,	2,	1,	'2013-04-28 10:56:21',	0,	'paid',	'capitan',	8.99,	208),
(167,	215,	1,	2,	1,	'2013-04-28 10:59:05',	0,	'paid',	'capitan',	23.95,	693),
(168,	216,	1,	2,	1,	'2013-04-28 11:01:03',	0,	'paid',	'capitan',	92.76,	842),
(169,	217,	1,	4,	1,	'2013-04-28 11:02:16',	0,	'paid',	'capitan',	91.95,	130),
(170,	218,	1,	2,	1,	'2013-04-28 11:03:44',	0,	'paid',	'capitan',	81.48,	123),
(171,	220,	1,	2,	1,	'2013-04-28 11:08:46',	0,	'paid',	'capitan',	31.53,	227),
(172,	221,	1,	5,	1,	'2013-04-28 11:11:19',	0,	'paid',	'capitan',	13.21,	766),
(173,	183,	1,	2,	1,	'2013-04-28 11:14:08',	0,	'paid',	'capitan',	71.47,	150),
(174,	223,	1,	4,	1,	'2013-04-28 11:15:45',	0,	'paid',	'capitan',	17.70,	451),
(175,	224,	1,	2,	1,	'2013-04-28 11:17:57',	0,	'paid',	'capitan',	74.12,	803),
(176,	225,	1,	2,	1,	'2013-04-28 11:19:49',	0,	'paid',	'capitan',	17.49,	665),
(177,	226,	1,	3,	1,	'2013-04-28 11:21:30',	0,	'paid',	'capitan',	65.10,	914),
(178,	228,	1,	1,	1,	'2013-04-28 11:23:18',	0,	'paid',	'capitan',	73.03,	576),
(179,	229,	1,	2,	1,	'2013-04-28 11:33:29',	0,	'paid',	'capitan',	69.86,	138),
(180,	230,	1,	5,	1,	'2013-04-28 11:35:04',	0,	'paid',	'capitan',	30.20,	964),
(181,	189,	1,	2,	1,	'2013-04-28 11:35:32',	0,	'paid',	'capitan',	41.43,	404),
(182,	162,	1,	2,	1,	'2013-04-28 11:35:57',	0,	'paid',	'capitan',	16.53,	128),
(183,	231,	1,	2,	1,	'2013-04-28 11:37:14',	0,	'paid',	'capitan',	58.36,	428),
(184,	232,	1,	2,	1,	'2013-04-28 11:39:14',	0,	'paid',	'capitan',	42.20,	757),
(185,	205,	1,	4,	1,	'2013-04-28 11:39:38',	0,	'paid',	'capitan',	35.92,	498),
(186,	234,	1,	4,	1,	'2013-04-28 11:45:00',	0,	'paid',	'capitan',	52.99,	223),
(187,	214,	1,	2,	1,	'2013-04-28 11:51:46',	0,	'paid',	'capitan',	57.20,	618),
(188,	236,	1,	2,	1,	'2013-04-28 11:53:37',	0,	'paid',	'capitan',	27.04,	423),
(189,	129,	1,	1,	1,	'2013-04-30 14:06:06',	0,	'paid',	'capitan',	63.60,	260),
(190,	242,	1,	5,	1,	'2013-04-30 14:06:36',	0,	'paid',	'capitan',	36.89,	31),
(191,	243,	1,	3,	1,	'2013-04-30 14:07:20',	0,	'paid',	'capitan',	93.65,	373),
(192,	244,	1,	2,	1,	'2013-04-30 14:07:44',	0,	'paid',	'capitan',	57.55,	775),
(193,	252,	6,	2,	1,	'2013-05-10 09:43:01',	0,	'new',	'capitan',	6.83,	756),
(194,	67,	6,	5,	1,	'2013-05-10 16:17:52',	0,	'paid',	'capitan',	61.51,	454),
(195,	179,	6,	2,	1,	'2013-05-11 20:24:23',	0,	'paid',	'capitan',	87.05,	1),
(196,	38,	6,	2,	1,	'2013-05-12 19:03:57',	0,	'paid',	'capitan',	50.71,	644),
(197,	215,	6,	2,	1,	'2013-05-12 20:02:55',	0,	'paid',	'capitan',	92.40,	215),
(198,	184,	6,	2,	1,	'2013-05-13 13:01:28',	0,	'paid',	'capitan',	9.88,	146),
(199,	255,	6,	2,	1,	'2013-05-14 19:51:22',	0,	'paid',	'capitan',	72.18,	85),
(200,	257,	7,	2,	1,	'2013-05-14 20:58:11',	0,	'paid',	'capitan',	31.25,	988),
(201,	258,	6,	5,	1,	'2013-05-14 20:59:21',	0,	'new',	'capitan',	39.73,	683),
(202,	260,	7,	4,	1,	'2013-05-14 21:06:33',	0,	'new',	'capitan',	4.90,	450),
(203,	97,	6,	2,	1,	'2013-05-14 22:01:41',	0,	'paid',	'capitan',	5.30,	204),
(204,	153,	6,	8,	1,	'2013-05-14 22:06:21',	0,	'paid',	'capitan',	11.82,	667),
(205,	261,	6,	6,	1,	'2013-05-15 08:00:52',	0,	'paid',	'capitan',	43.21,	726),
(206,	263,	6,	2,	1,	'2013-05-15 08:32:09',	0,	'paid',	'capitan',	80.57,	629),
(207,	265,	6,	2,	1,	'2013-05-15 13:52:04',	0,	'paid',	'capitan',	73.20,	966),
(208,	266,	6,	2,	1,	'2013-05-15 18:02:37',	0,	'paid',	'capitan',	24.32,	942),
(209,	83,	6,	1,	1,	'2013-05-15 20:35:35',	0,	'paid',	'capitan',	1.99,	812),
(210,	128,	6,	2,	1,	'2013-05-16 11:03:01',	0,	'paid',	'capitan',	37.00,	234),
(211,	268,	6,	2,	1,	'2013-05-17 09:01:04',	0,	'new',	'capitan',	79.02,	735),
(212,	60,	6,	1,	1,	'2013-05-17 09:56:46',	0,	'paid',	'capitan',	84.08,	974),
(213,	250,	6,	2,	1,	'2013-05-23 09:15:38',	0,	'paid',	'capitan',	83.36,	664),
(214,	272,	7,	2,	1,	'2013-05-23 09:32:00',	0,	'paid',	'capitan',	64.57,	397),
(215,	274,	7,	2,	1,	'2013-05-24 14:17:20',	0,	'new',	'capitan',	72.78,	994),
(216,	48,	6,	4,	1,	'2013-05-25 18:24:23',	0,	'paid',	'capitan',	70.17,	777),
(217,	101,	6,	2,	1,	'2013-05-26 22:37:36',	0,	'paid',	'capitan',	32.50,	906),
(218,	4,	6,	2,	0,	'2013-05-29 08:25:01',	0,	'new',	'capitan',	52.01,	197),
(219,	2,	7,	2,	0,	'2013-05-29 14:56:40',	0,	'new',	'capitan',	62.56,	268),
(220,	2,	7,	2,	0,	'2013-05-29 15:09:07',	0,	'new',	'capitan',	56.76,	747),
(221,	2,	7,	2,	0,	'2013-05-29 15:27:14',	0,	'new',	'capitan',	96.13,	930),
(222,	2,	7,	2,	0,	'2013-05-29 15:35:37',	0,	'new',	'capitan',	10.35,	411),
(223,	2,	7,	2,	0,	'2013-05-29 15:38:15',	0,	'new',	'capitan',	63.39,	266),
(224,	2,	7,	2,	0,	'2013-05-29 15:44:47',	0,	'new',	'capitan',	85.87,	96),
(225,	2,	7,	2,	0,	'2013-05-29 15:49:11',	0,	'new',	'capitan',	39.20,	681),
(226,	2,	7,	2,	0,	'2013-05-29 15:51:05',	0,	'new',	'capitan',	38.38,	119),
(227,	2,	7,	2,	0,	'2013-05-29 15:51:52',	0,	'new',	'capitan',	74.32,	551),
(228,	2,	7,	2,	0,	'2013-05-29 15:54:38',	0,	'new',	'capitan',	56.44,	397),
(229,	2,	7,	2,	0,	'2013-05-29 15:56:35',	0,	'new',	'capitan',	59.26,	334),
(230,	2,	7,	2,	0,	'2013-05-30 09:59:15',	0,	'new',	'capitan',	26.98,	478),
(231,	286,	6,	2,	1,	'2013-05-30 19:49:33',	0,	'paid',	'capitan',	57.13,	388),
(232,	287,	6,	2,	1,	'2013-05-30 22:07:22',	0,	'paid',	'capitan',	4.68,	504),
(233,	288,	6,	2,	1,	'2013-05-30 23:53:25',	0,	'paid',	'capitan',	52.03,	358),
(234,	35,	6,	2,	0,	'2013-05-31 18:04:04',	0,	'new',	'capitan',	46.12,	277),
(235,	245,	6,	2,	1,	'2013-06-01 08:34:48',	0,	'new',	'capitan',	74.50,	313),
(236,	291,	6,	5,	1,	'2013-06-02 08:47:19',	0,	'paid',	'capitan',	34.12,	731),
(237,	295,	6,	1,	1,	'2013-06-02 21:19:49',	0,	'paid',	'capitan',	47.12,	716),
(238,	35,	6,	2,	1,	'2013-06-03 10:44:44',	0,	'paid',	'capitan',	33.23,	390),
(239,	246,	6,	1,	1,	'2013-06-03 15:08:13',	0,	'paid',	'capitan',	24.81,	800),
(240,	296,	7,	2,	1,	'2013-06-03 21:15:32',	0,	'paid',	'capitan',	24.34,	832),
(241,	205,	7,	4,	1,	'2013-06-03 22:00:54',	0,	'new',	'capitan',	47.26,	757),
(242,	298,	6,	2,	1,	'2013-06-04 11:02:07',	0,	'paid',	'capitan',	63.29,	292),
(243,	308,	7,	2,	1,	'2013-06-09 11:27:16',	0,	'new',	'capitan',	74.66,	189),
(244,	109,	6,	1,	1,	'2013-06-10 17:39:04',	0,	'paid',	'capitan',	83.43,	66),
(245,	314,	7,	1,	1,	'2013-06-10 22:38:43',	0,	'paid',	'capitan',	93.16,	765),
(246,	14,	6,	2,	1,	'2013-06-11 12:32:17',	0,	'paid',	'capitan',	15.54,	627),
(247,	315,	6,	1,	1,	'2013-06-11 13:42:32',	0,	'paid',	'capitan',	98.21,	839),
(248,	316,	7,	2,	1,	'2013-06-11 15:29:13',	0,	'new',	'capitan',	44.43,	314),
(249,	317,	6,	2,	1,	'2013-06-12 16:53:37',	0,	'paid',	'capitan',	27.50,	54),
(250,	294,	7,	2,	1,	'2013-06-12 19:31:38',	0,	'paid',	'capitan',	4.24,	327),
(251,	305,	6,	2,	1,	'2013-06-13 12:51:20',	0,	'paid',	'capitan',	38.70,	473),
(252,	77,	6,	4,	1,	'2013-06-13 16:41:18',	0,	'paid',	'capitan',	80.78,	385),
(253,	319,	6,	2,	1,	'2013-06-13 18:52:52',	0,	'new',	'capitan',	87.78,	505),
(254,	320,	6,	5,	1,	'2013-06-13 20:11:40',	0,	'paid',	'capitan',	96.56,	372),
(255,	321,	7,	1,	1,	'2013-06-13 21:28:04',	0,	'paid',	'capitan',	19.46,	346),
(256,	325,	6,	5,	1,	'2013-06-13 22:06:24',	0,	'paid',	'capitan',	7.61,	611),
(257,	329,	6,	2,	1,	'2013-06-14 22:59:23',	0,	'paid',	'capitan',	79.68,	17),
(258,	334,	7,	2,	1,	'2013-06-15 22:05:58',	0,	'paid',	'capitan',	75.56,	253),
(259,	41,	6,	2,	1,	'2013-06-15 22:47:57',	0,	'paid',	'capitan',	38.77,	213),
(260,	335,	6,	2,	1,	'2013-06-16 09:23:17',	0,	'paid',	'capitan',	67.17,	306),
(261,	336,	6,	2,	1,	'2013-06-16 15:56:20',	0,	'paid',	'capitan',	19.54,	892),
(262,	310,	6,	2,	1,	'2013-06-16 21:27:42',	0,	'paid',	'capitan',	96.19,	543),
(263,	125,	6,	2,	1,	'2013-06-16 21:52:35',	0,	'paid',	'capitan',	22.32,	38),
(264,	339,	6,	2,	1,	'2013-06-16 23:26:41',	0,	'paid',	'capitan',	23.03,	562),
(265,	340,	7,	2,	1,	'2013-06-17 10:20:41',	0,	'paid',	'capitan',	48.20,	694),
(266,	342,	6,	2,	1,	'2013-06-17 14:34:57',	0,	'paid',	'capitan',	71.89,	783),
(267,	154,	7,	2,	1,	'2013-06-17 15:58:59',	0,	'paid',	'capitan',	14.86,	833),
(268,	344,	7,	4,	1,	'2013-06-18 09:26:35',	0,	'paid',	'capitan',	58.64,	818),
(269,	312,	6,	2,	1,	'2013-06-18 09:38:46',	0,	'paid',	'capitan',	48.63,	592),
(270,	348,	6,	2,	1,	'2013-06-18 23:00:37',	0,	'new',	'capitan',	67.22,	506),
(271,	349,	6,	2,	1,	'2013-06-19 09:20:32',	0,	'paid',	'capitan',	90.22,	751),
(272,	351,	6,	5,	1,	'2013-06-19 14:34:22',	0,	'paid',	'capitan',	49.41,	239),
(273,	352,	6,	5,	1,	'2013-06-19 15:44:26',	0,	'paid',	'capitan',	76.42,	944),
(274,	85,	6,	5,	1,	'2013-06-20 09:32:50',	0,	'paid',	'capitan',	33.85,	0),
(275,	353,	6,	2,	1,	'2013-06-20 12:14:05',	0,	'paid',	'capitan',	39.99,	170),
(276,	133,	6,	2,	1,	'2013-06-20 20:12:33',	0,	'new',	'capitan',	98.40,	849),
(277,	355,	7,	5,	1,	'2013-06-20 23:05:11',	0,	'new',	'capitan',	72.02,	737),
(278,	34,	7,	2,	1,	'2013-06-21 12:46:18',	0,	'paid',	'capitan',	64.91,	136),
(279,	356,	6,	2,	1,	'2013-06-22 12:17:17',	0,	'new',	'capitan',	8.47,	469),
(280,	357,	6,	2,	1,	'2013-06-22 21:38:29',	0,	'paid',	'capitan',	47.64,	937),
(281,	361,	6,	2,	1,	'2013-06-23 14:39:33',	0,	'new',	'capitan',	12.78,	277),
(282,	341,	8,	2,	1,	'2013-06-24 11:23:50',	0,	'paid',	'capitan',	20.99,	573),
(283,	98,	7,	2,	1,	'2013-06-24 14:11:04',	0,	'paid',	'capitan',	66.59,	37),
(284,	122,	8,	5,	0,	'2013-06-24 14:53:01',	0,	'new',	'capitan',	70.01,	466),
(285,	366,	9,	2,	1,	'2013-06-24 15:06:44',	0,	'paid',	'capitan',	50.27,	216),
(286,	368,	8,	4,	1,	'2013-06-24 15:07:15',	0,	'new',	'capitan',	41.34,	684),
(287,	367,	9,	2,	1,	'2013-06-24 15:07:47',	0,	'paid',	'capitan',	55.86,	772),
(288,	2,	10,	9,	0,	'2013-06-24 16:14:13',	0,	'new',	'capitan',	55.31,	806),
(289,	27,	10,	9,	0,	'2013-06-24 16:14:13',	0,	'new',	'member',	8.96,	716),
(290,	5,	10,	9,	0,	'2013-06-24 16:14:13',	0,	'new',	'member',	78.86,	163),
(291,	313,	6,	2,	1,	'2013-06-24 16:29:56',	0,	'paid',	'capitan',	67.42,	667),
(292,	2,	10,	9,	0,	'2013-06-24 16:49:52',	0,	'new',	'capitan',	0.51,	845),
(293,	27,	10,	9,	0,	'2013-06-24 16:49:52',	0,	'new',	'member',	0.29,	225),
(294,	5,	10,	9,	0,	'2013-06-24 16:49:52',	0,	'new',	'member',	99.95,	589),
(295,	43,	8,	5,	1,	'2013-06-24 17:04:48',	0,	'new',	'capitan',	98.85,	269),
(296,	241,	8,	6,	1,	'2013-06-24 17:15:57',	0,	'paid',	'capitan',	94.42,	579),
(297,	2,	10,	9,	0,	'2013-06-24 17:25:33',	0,	'new',	'capitan',	75.55,	87),
(298,	27,	10,	9,	0,	'2013-06-24 17:25:33',	0,	'new',	'member',	94.50,	697),
(299,	5,	10,	9,	0,	'2013-06-24 17:25:33',	0,	'new',	'member',	45.82,	224),
(300,	2,	10,	9,	0,	'2013-06-24 17:46:57',	0,	'new',	'capitan',	45.61,	28),
(301,	27,	10,	9,	0,	'2013-06-24 17:46:57',	0,	'new',	'member',	90.58,	470),
(302,	5,	10,	9,	0,	'2013-06-24 17:46:57',	0,	'new',	'member',	16.09,	266),
(303,	14,	8,	2,	1,	'2013-06-24 18:23:55',	0,	'paid',	'capitan',	8.71,	919),
(304,	301,	8,	4,	1,	'2013-06-24 18:31:21',	0,	'paid',	'capitan',	95.30,	796),
(305,	370,	8,	2,	1,	'2013-06-24 18:33:23',	0,	'paid',	'capitan',	50.33,	222),
(306,	34,	8,	2,	1,	'2013-06-24 20:21:56',	0,	'paid',	'capitan',	65.78,	724),
(307,	42,	8,	4,	1,	'2013-06-24 20:50:07',	0,	'paid',	'capitan',	77.92,	955),
(308,	373,	9,	2,	1,	'2013-06-24 21:00:37',	0,	'paid',	'capitan',	92.24,	601),
(309,	374,	8,	2,	1,	'2013-06-24 21:04:21',	0,	'paid',	'capitan',	27.44,	139),
(310,	375,	6,	5,	1,	'2013-06-24 21:19:43',	0,	'paid',	'capitan',	60.50,	894),
(311,	126,	8,	2,	1,	'2013-06-24 22:55:36',	0,	'paid',	'capitan',	20.17,	55),
(312,	29,	8,	2,	0,	'2013-06-24 23:16:38',	0,	'new',	'capitan',	19.37,	589),
(313,	29,	6,	2,	0,	'2013-06-24 23:18:37',	0,	'new',	'capitan',	36.31,	783),
(314,	376,	9,	2,	1,	'2013-06-25 00:06:10',	0,	'new',	'capitan',	23.47,	148),
(315,	9,	9,	5,	1,	'2013-06-25 05:22:43',	0,	'paid',	'capitan',	8.39,	389),
(316,	378,	8,	5,	1,	'2013-06-25 08:50:42',	0,	'new',	'capitan',	71.54,	501),
(317,	69,	8,	2,	1,	'2013-06-25 09:04:38',	0,	'new',	'capitan',	32.53,	338),
(318,	379,	8,	5,	1,	'2013-06-25 09:12:14',	0,	'paid',	'capitan',	48.03,	189),
(319,	380,	8,	2,	1,	'2013-06-25 10:15:30',	0,	'paid',	'capitan',	42.58,	929),
(320,	2,	8,	2,	0,	'2013-06-25 10:20:27',	0,	'new',	'capitan',	68.78,	79),
(321,	81,	8,	2,	1,	'2013-06-25 10:21:24',	0,	'new',	'capitan',	16.19,	607),
(322,	2,	9,	2,	0,	'2013-06-25 10:33:38',	0,	'new',	'capitan',	74.62,	800),
(323,	2,	9,	2,	1,	'2013-06-25 10:34:54',	0,	'new',	'capitan',	24.50,	176),
(324,	302,	8,	4,	1,	'2013-06-25 10:45:00',	0,	'paid',	'capitan',	98.67,	483),
(325,	247,	8,	2,	1,	'2013-06-25 11:14:15',	0,	'new',	'capitan',	19.84,	885),
(326,	382,	6,	2,	1,	'2013-06-25 12:31:17',	0,	'paid',	'capitan',	3.20,	977),
(327,	385,	6,	2,	1,	'2013-06-25 13:37:40',	0,	'paid',	'capitan',	56.47,	230),
(328,	386,	9,	2,	1,	'2013-06-25 14:06:13',	0,	'paid',	'capitan',	72.75,	219),
(329,	271,	9,	5,	1,	'2013-06-25 14:09:38',	0,	'paid',	'capitan',	94.35,	406),
(330,	317,	9,	2,	1,	'2013-06-25 16:17:10',	0,	'paid',	'capitan',	53.48,	374),
(331,	364,	6,	1,	1,	'2013-06-25 18:25:31',	0,	'paid',	'capitan',	84.35,	651),
(332,	35,	8,	2,	1,	'2013-06-25 19:59:19',	0,	'new',	'capitan',	61.31,	133),
(333,	338,	6,	1,	1,	'2013-06-25 20:00:15',	0,	'paid',	'capitan',	53.49,	712),
(334,	97,	8,	2,	1,	'2013-06-25 20:06:21',	0,	'new',	'capitan',	83.54,	160),
(335,	153,	8,	8,	1,	'2013-06-25 20:09:02',	0,	'new',	'capitan',	57.24,	663),
(336,	389,	8,	2,	1,	'2013-06-25 22:08:12',	0,	'new',	'capitan',	35.57,	836),
(337,	354,	9,	4,	1,	'2013-06-26 09:13:05',	0,	'paid',	'capitan',	6.12,	191),
(338,	392,	9,	7,	1,	'2013-06-26 10:19:25',	0,	'new',	'capitan',	23.90,	448),
(339,	169,	6,	2,	1,	'2013-06-26 10:23:59',	0,	'paid',	'capitan',	1.14,	664),
(340,	169,	8,	2,	1,	'2013-06-26 10:25:50',	0,	'new',	'capitan',	34.01,	980),
(341,	54,	8,	1,	0,	'2013-06-26 11:44:36',	0,	'new',	'capitan',	66.63,	904),
(343,	1,	8,	2,	0,	'2013-06-26 11:53:39',	0,	'new',	'capitan',	31.10,	583),
(344,	36,	9,	2,	1,	'2013-06-26 12:30:53',	0,	'paid',	'capitan',	55.64,	201),
(345,	54,	10,	9,	0,	'2013-06-26 12:41:50',	0,	'new',	'capitan',	84.87,	256),
(346,	106,	10,	9,	0,	'2013-06-26 12:41:50',	0,	'new',	'member',	57.45,	680),
(347,	393,	10,	9,	0,	'2013-06-26 12:41:50',	0,	'new',	'member',	32.62,	628),
(348,	371,	9,	4,	1,	'2013-06-26 12:42:26',	0,	'paid',	'capitan',	90.75,	103),
(349,	17,	9,	2,	1,	'2013-06-26 12:43:06',	0,	'paid',	'capitan',	55.91,	632),
(350,	12,	9,	1,	1,	'2013-06-26 12:54:45',	0,	'paid',	'capitan',	7.30,	849),
(351,	395,	9,	2,	1,	'2013-06-26 12:57:55',	0,	'paid',	'capitan',	68.75,	349),
(352,	397,	8,	6,	1,	'2013-06-26 13:08:25',	0,	'paid',	'capitan',	21.84,	198),
(353,	249,	9,	2,	1,	'2013-06-26 13:09:54',	0,	'paid',	'capitan',	2.98,	944),
(354,	36,	10,	9,	1,	'2013-06-26 13:10:39',	0,	'paid',	'capitan',	49.38,	124),
(355,	398,	10,	9,	1,	'2013-06-26 13:10:39',	0,	'paid',	'member',	37.94,	787),
(356,	399,	10,	9,	1,	'2013-06-26 13:10:39',	0,	'paid',	'member',	41.59,	566),
(357,	400,	9,	4,	1,	'2013-06-26 13:20:23',	0,	'paid',	'capitan',	94.11,	470),
(358,	345,	8,	6,	1,	'2013-06-26 14:06:20',	0,	'paid',	'capitan',	45.77,	649),
(359,	63,	9,	1,	1,	'2013-06-26 14:18:55',	0,	'new',	'capitan',	46.52,	836),
(360,	401,	6,	2,	1,	'2013-06-26 14:44:21',	0,	'paid',	'capitan',	95.30,	235),
(361,	78,	8,	2,	1,	'2013-06-26 15:16:47',	0,	'paid',	'capitan',	36.92,	666),
(362,	65,	8,	5,	1,	'2013-06-26 15:48:58',	0,	'new',	'capitan',	98.73,	626),
(363,	65,	6,	5,	1,	'2013-06-26 15:49:35',	0,	'new',	'capitan',	82.89,	133),
(364,	70,	6,	6,	1,	'2013-06-26 16:06:02',	0,	'paid',	'capitan',	18.23,	784),
(365,	403,	7,	2,	1,	'2013-06-26 16:17:55',	0,	'new',	'capitan',	42.51,	524),
(366,	289,	9,	6,	1,	'2013-06-26 16:24:28',	0,	'paid',	'capitan',	57.85,	266),
(367,	113,	9,	5,	1,	'2013-06-26 16:36:50',	0,	'paid',	'capitan',	61.71,	758),
(368,	335,	9,	2,	1,	'2013-06-26 17:18:52',	0,	'new',	'capitan',	35.01,	991),
(369,	273,	9,	2,	1,	'2013-06-26 18:37:19',	0,	'paid',	'capitan',	89.92,	683),
(370,	133,	8,	2,	1,	'2013-06-26 19:29:07',	0,	'new',	'capitan',	44.55,	440),
(371,	390,	9,	2,	1,	'2013-06-26 19:32:22',	0,	'new',	'capitan',	53.00,	153),
(372,	363,	9,	5,	1,	'2013-06-26 21:06:51',	0,	'paid',	'capitan',	31.34,	443),
(373,	48,	8,	4,	1,	'2013-06-26 21:10:54',	0,	'paid',	'capitan',	97.70,	758),
(374,	406,	6,	5,	1,	'2013-06-26 21:22:29',	0,	'paid',	'capitan',	94.50,	459),
(375,	407,	6,	2,	1,	'2013-06-26 21:32:42',	0,	'paid',	'capitan',	79.41,	22),
(376,	407,	8,	2,	1,	'2013-06-26 21:39:52',	0,	'paid',	'capitan',	13.53,	735),
(377,	104,	6,	2,	1,	'2013-06-26 21:44:23',	0,	'paid',	'capitan',	29.42,	607),
(378,	22,	8,	2,	1,	'2013-06-26 23:04:07',	0,	'paid',	'capitan',	6.49,	829),
(379,	60,	9,	1,	1,	'2013-06-26 23:18:23',	0,	'paid',	'capitan',	44.22,	323),
(380,	6,	6,	2,	1,	'2013-06-26 23:43:51',	0,	'new',	'capitan',	1.61,	131),
(381,	409,	9,	5,	1,	'2013-06-27 00:02:32',	0,	'paid',	'capitan',	75.38,	683),
(382,	415,	8,	2,	1,	'2013-06-27 09:01:38',	0,	'new',	'capitan',	72.07,	22),
(383,	62,	8,	2,	1,	'2013-06-27 10:30:33',	0,	'paid',	'capitan',	34.20,	63),
(384,	416,	6,	2,	1,	'2013-06-27 11:14:44',	0,	'new',	'capitan',	54.80,	246),
(385,	305,	8,	2,	1,	'2013-06-27 15:28:12',	0,	'paid',	'capitan',	71.38,	44),
(386,	44,	6,	5,	1,	'2013-06-27 15:34:10',	0,	'paid',	'capitan',	92.53,	481),
(387,	132,	6,	6,	1,	'2013-06-27 18:43:10',	0,	'paid',	'capitan',	48.52,	274),
(388,	418,	6,	2,	1,	'2013-06-27 19:04:51',	0,	'paid',	'capitan',	64.98,	925),
(389,	419,	7,	2,	1,	'2013-06-27 20:59:29',	0,	'paid',	'capitan',	79.36,	804),
(390,	383,	6,	3,	1,	'2013-06-27 21:33:22',	0,	'new',	'capitan',	1.83,	244),
(391,	420,	6,	2,	1,	'2013-06-27 21:38:03',	0,	'paid',	'capitan',	71.10,	811),
(392,	248,	9,	4,	1,	'2013-06-27 22:36:11',	0,	'new',	'capitan',	50.00,	320),
(393,	68,	9,	2,	1,	'2013-06-27 23:16:44',	0,	'new',	'capitan',	36.68,	170),
(394,	128,	8,	2,	1,	'2013-06-28 06:03:51',	0,	'paid',	'capitan',	33.43,	888),
(395,	346,	9,	3,	1,	'2013-06-28 07:47:14',	0,	'new',	'capitan',	57.11,	930),
(396,	421,	8,	2,	1,	'2013-06-28 08:20:55',	0,	'paid',	'capitan',	85.23,	985),
(397,	423,	9,	5,	1,	'2013-06-28 10:22:37',	0,	'paid',	'capitan',	54.85,	135),
(398,	424,	9,	2,	1,	'2013-06-28 10:35:32',	0,	'paid',	'capitan',	18.54,	721),
(399,	425,	6,	2,	1,	'2013-06-28 10:39:48',	0,	'new',	'capitan',	28.14,	199),
(400,	428,	7,	1,	1,	'2013-06-28 11:47:20',	0,	'paid',	'capitan',	85.10,	832),
(401,	29,	8,	2,	1,	'2013-06-28 12:08:27',	0,	'new',	'capitan',	41.05,	565),
(402,	422,	9,	4,	1,	'2013-06-28 12:26:38',	0,	'paid',	'capitan',	49.98,	330),
(403,	184,	8,	2,	1,	'2013-06-28 14:05:01',	0,	'paid',	'capitan',	26.74,	952),
(404,	430,	6,	2,	1,	'2013-06-28 14:32:45',	0,	'new',	'capitan',	83.75,	772),
(405,	431,	8,	2,	1,	'2013-06-28 14:52:18',	0,	'paid',	'capitan',	38.52,	4),
(406,	432,	6,	1,	1,	'2013-06-28 15:12:09',	0,	'paid',	'capitan',	41.38,	703),
(407,	293,	10,	9,	1,	'2013-06-28 19:50:49',	0,	'paid',	'capitan',	91.33,	505),
(408,	433,	10,	9,	1,	'2013-06-28 19:50:49',	0,	'paid',	'member',	32.52,	415),
(409,	434,	10,	9,	1,	'2013-06-28 19:50:50',	0,	'paid',	'member',	88.59,	559),
(410,	408,	9,	4,	1,	'2013-06-28 21:41:18',	0,	'paid',	'capitan',	45.38,	549),
(411,	118,	8,	2,	1,	'2013-06-28 21:42:35',	0,	'new',	'capitan',	61.13,	67),
(412,	435,	4,	4,	1,	'2013-06-28 21:52:00',	0,	'paid',	'capitan',	69.54,	691),
(413,	405,	7,	1,	1,	'2013-06-28 22:14:58',	0,	'paid',	'capitan',	64.29,	254),
(414,	437,	8,	2,	1,	'2013-06-29 08:20:50',	0,	'paid',	'capitan',	12.84,	198),
(415,	438,	6,	2,	1,	'2013-06-29 16:51:44',	0,	'paid',	'capitan',	71.32,	228),
(416,	439,	8,	1,	1,	'2013-06-29 17:38:08',	0,	'paid',	'capitan',	18.07,	544),
(417,	440,	8,	2,	1,	'2013-06-30 07:26:35',	0,	'paid',	'capitan',	76.39,	35),
(418,	441,	9,	5,	1,	'2013-06-30 08:46:17',	0,	'new',	'capitan',	27.73,	545),
(419,	442,	9,	2,	1,	'2013-06-30 08:50:58',	0,	'new',	'capitan',	9.47,	621),
(420,	444,	6,	6,	1,	'2013-06-30 10:08:28',	0,	'paid',	'capitan',	64.19,	470),
(421,	444,	8,	6,	1,	'2013-06-30 10:15:33',	0,	'paid',	'capitan',	92.53,	486),
(422,	100,	8,	3,	1,	'2013-06-30 10:15:55',	0,	'paid',	'capitan',	70.09,	22),
(423,	292,	8,	2,	1,	'2013-06-30 10:37:31',	0,	'paid',	'capitan',	72.84,	649),
(424,	39,	7,	5,	1,	'2013-06-30 10:37:39',	0,	'new',	'capitan',	53.96,	180),
(425,	445,	6,	5,	1,	'2013-06-30 11:39:07',	0,	'paid',	'capitan',	51.26,	953),
(426,	447,	7,	1,	1,	'2013-06-30 13:04:38',	0,	'paid',	'capitan',	94.42,	226),
(427,	362,	9,	5,	1,	'2013-06-30 13:25:32',	0,	'paid',	'capitan',	18.32,	270),
(428,	8,	8,	5,	1,	'2013-06-30 13:46:37',	0,	'paid',	'capitan',	8.34,	672),
(429,	449,	7,	4,	1,	'2013-06-30 17:47:43',	0,	'paid',	'capitan',	86.74,	551),
(430,	450,	8,	2,	1,	'2013-06-30 18:39:24',	0,	'new',	'capitan',	8.67,	737),
(431,	326,	8,	3,	1,	'2013-06-30 18:41:20',	0,	'new',	'capitan',	83.12,	31),
(432,	451,	8,	5,	1,	'2013-06-30 18:48:49',	0,	'paid',	'capitan',	89.62,	946),
(433,	453,	9,	4,	1,	'2013-06-30 18:54:05',	0,	'paid',	'capitan',	98.74,	636),
(434,	83,	9,	1,	1,	'2013-06-30 19:12:58',	0,	'new',	'capitan',	24.84,	342),
(435,	360,	7,	5,	1,	'2013-07-01 08:08:56',	0,	'paid',	'capitan',	27.99,	802),
(436,	455,	8,	2,	1,	'2013-07-01 09:30:29',	0,	'paid',	'capitan',	65.43,	985),
(437,	304,	8,	6,	1,	'2013-07-01 10:11:17',	0,	'new',	'capitan',	43.16,	518),
(438,	454,	7,	2,	1,	'2013-07-01 10:16:34',	0,	'paid',	'capitan',	19.53,	637),
(439,	459,	7,	2,	1,	'2013-07-01 17:12:58',	0,	'paid',	'capitan',	68.17,	631),
(440,	460,	9,	5,	1,	'2013-07-01 18:05:31',	0,	'new',	'capitan',	82.27,	241),
(441,	102,	8,	1,	1,	'2013-07-01 21:27:22',	0,	'new',	'capitan',	6.84,	315),
(442,	462,	6,	2,	1,	'2013-07-01 21:27:29',	0,	'paid',	'capitan',	87.36,	852),
(443,	463,	8,	2,	1,	'2013-07-01 21:56:40',	0,	'paid',	'capitan',	16.30,	316),
(444,	464,	6,	5,	1,	'2013-07-01 22:13:38',	0,	'paid',	'capitan',	19.43,	24),
(445,	466,	6,	2,	1,	'2013-07-02 07:56:27',	0,	'paid',	'capitan',	48.22,	170),
(446,	468,	6,	6,	1,	'2013-07-02 09:07:42',	0,	'new',	'capitan',	82.83,	779),
(447,	469,	10,	9,	1,	'2013-07-02 12:11:31',	0,	'new',	'capitan',	69.49,	384),
(448,	470,	10,	9,	1,	'2013-07-02 12:11:31',	0,	'new',	'member',	98.95,	582),
(449,	137,	10,	9,	1,	'2013-07-02 12:11:31',	0,	'new',	'member',	86.30,	759),
(450,	471,	6,	5,	1,	'2013-07-02 12:41:53',	0,	'paid',	'capitan',	34.63,	49),
(451,	473,	9,	4,	1,	'2013-07-02 12:49:13',	0,	'new',	'capitan',	14.27,	966),
(452,	474,	6,	5,	1,	'2013-07-02 12:51:46',	0,	'paid',	'capitan',	67.43,	686),
(453,	475,	6,	2,	1,	'2013-07-02 13:06:28',	0,	'paid',	'capitan',	94.36,	529),
(454,	461,	6,	2,	1,	'2013-07-02 14:23:05',	0,	'paid',	'capitan',	69.51,	588),
(455,	4,	8,	2,	1,	'2013-07-02 15:29:01',	0,	'new',	'capitan',	64.45,	353),
(456,	476,	7,	1,	1,	'2013-07-02 15:40:27',	0,	'paid',	'capitan',	13.72,	1),
(457,	477,	6,	2,	1,	'2013-07-02 19:32:45',	0,	'paid',	'capitan',	75.25,	947),
(458,	479,	8,	2,	1,	'2013-07-02 21:19:28',	0,	'paid',	'capitan',	35.09,	731),
(459,	470,	7,	2,	1,	'2013-07-02 22:10:38',	0,	'paid',	'capitan',	49.70,	813),
(460,	480,	6,	2,	1,	'2013-07-02 22:55:05',	0,	'new',	'capitan',	43.24,	874),
(461,	54,	10,	9,	0,	'2013-07-02 23:41:00',	0,	'new',	'capitan',	67.12,	930),
(462,	481,	10,	9,	0,	'2013-07-02 23:41:00',	0,	'new',	'member',	5.85,	30),
(463,	1,	10,	9,	0,	'2013-07-02 23:41:00',	0,	'new',	'member',	27.88,	357),
(464,	482,	6,	6,	1,	'2013-07-03 07:43:58',	0,	'new',	'capitan',	21.85,	696),
(465,	484,	6,	2,	1,	'2013-07-03 09:02:14',	0,	'paid',	'capitan',	25.63,	408),
(466,	251,	10,	9,	1,	'2013-07-03 09:05:16',	0,	'paid',	'capitan',	62.58,	952),
(467,	485,	10,	9,	1,	'2013-07-03 09:05:16',	0,	'paid',	'member',	36.01,	535),
(468,	486,	10,	9,	1,	'2013-07-03 09:05:16',	0,	'paid',	'member',	92.30,	822),
(469,	488,	6,	2,	1,	'2013-07-03 12:29:04',	0,	'paid',	'capitan',	53.48,	504),
(470,	489,	6,	5,	1,	'2013-07-03 14:32:26',	0,	'paid',	'capitan',	90.51,	55),
(471,	491,	9,	4,	1,	'2013-07-03 16:49:04',	0,	'paid',	'capitan',	92.12,	763),
(472,	493,	9,	4,	1,	'2013-07-03 17:04:34',	0,	'new',	'capitan',	89.05,	650),
(473,	494,	9,	4,	1,	'2013-07-03 17:06:52',	0,	'new',	'capitan',	68.88,	961),
(474,	495,	8,	2,	1,	'2013-07-03 17:08:11',	0,	'new',	'capitan',	77.27,	857),
(475,	496,	8,	4,	1,	'2013-07-03 17:10:52',	0,	'new',	'capitan',	79.70,	400),
(476,	101,	8,	2,	1,	'2013-07-03 17:12:45',	0,	'paid',	'capitan',	66.69,	428),
(477,	497,	9,	5,	1,	'2013-07-03 17:14:03',	0,	'new',	'capitan',	94.34,	941),
(478,	330,	8,	2,	1,	'2013-07-03 18:00:49',	0,	'paid',	'capitan',	71.65,	422),
(479,	498,	6,	1,	1,	'2013-07-03 18:29:20',	0,	'new',	'capitan',	75.22,	287),
(480,	458,	6,	2,	1,	'2013-07-03 18:36:10',	0,	'new',	'capitan',	61.14,	168),
(481,	276,	6,	5,	1,	'2013-07-03 18:47:06',	0,	'paid',	'capitan',	80.04,	981),
(482,	343,	9,	4,	1,	'2013-07-03 19:54:29',	0,	'paid',	'capitan',	16.81,	398),
(483,	500,	6,	6,	1,	'2013-07-03 20:04:38',	0,	'new',	'capitan',	43.89,	48),
(484,	501,	6,	2,	1,	'2013-07-03 20:42:28',	0,	'paid',	'capitan',	69.04,	47),
(485,	502,	6,	2,	1,	'2013-07-03 21:02:22',	0,	'new',	'capitan',	13.54,	90),
(486,	503,	6,	2,	1,	'2013-07-03 21:18:15',	0,	'paid',	'capitan',	60.57,	310),
(487,	132,	8,	6,	1,	'2013-07-03 21:45:33',	0,	'new',	'capitan',	62.21,	280),
(488,	506,	7,	2,	1,	'2013-07-03 22:33:25',	0,	'paid',	'capitan',	29.37,	470),
(489,	154,	8,	2,	1,	'2013-07-03 22:46:27',	0,	'paid',	'capitan',	60.19,	508),
(490,	66,	8,	2,	1,	'2013-07-04 07:05:51',	0,	'paid',	'capitan',	12.87,	130),
(491,	264,	8,	2,	1,	'2013-07-04 07:33:29',	0,	'paid',	'capitan',	83.78,	125),
(492,	507,	8,	5,	1,	'2013-07-04 07:41:55',	0,	'new',	'capitan',	80.30,	238),
(493,	508,	8,	2,	1,	'2013-07-04 08:20:53',	0,	'new',	'capitan',	50.14,	812),
(494,	67,	8,	5,	1,	'2013-07-04 09:01:09',	0,	'new',	'capitan',	9.81,	347),
(495,	509,	6,	8,	1,	'2013-07-04 10:17:15',	0,	'new',	'capitan',	98.64,	299),
(496,	320,	8,	5,	1,	'2013-07-04 10:35:51',	0,	'paid',	'capitan',	63.76,	452),
(497,	467,	6,	5,	1,	'2013-07-04 11:01:08',	0,	'paid',	'capitan',	22.87,	366),
(498,	511,	9,	2,	1,	'2013-07-04 11:04:00',	0,	'new',	'capitan',	23.10,	473),
(499,	504,	7,	2,	1,	'2013-07-04 11:11:03',	0,	'paid',	'capitan',	46.86,	267),
(500,	513,	6,	5,	1,	'2013-07-04 11:53:28',	0,	'paid',	'capitan',	65.01,	916),
(501,	205,	8,	4,	1,	'2013-07-04 12:07:54',	0,	'new',	'capitan',	84.47,	781),
(502,	163,	6,	2,	1,	'2013-07-04 12:08:12',	0,	'paid',	'capitan',	27.31,	156),
(503,	514,	9,	4,	1,	'2013-07-04 12:52:12',	0,	'new',	'capitan',	83.16,	437),
(504,	516,	6,	1,	1,	'2013-07-04 15:13:40',	0,	'paid',	'capitan',	33.86,	716),
(505,	517,	6,	5,	1,	'2013-07-04 15:18:30',	0,	'paid',	'capitan',	19.84,	270),
(506,	518,	6,	2,	1,	'2013-07-04 16:16:50',	0,	'new',	'capitan',	97.59,	201),
(507,	520,	10,	10,	1,	'2013-07-04 18:17:37',	0,	'paid',	'capitan',	28.44,	196),
(508,	521,	10,	10,	1,	'2013-07-04 18:17:38',	0,	'paid',	'member',	49.42,	376),
(509,	522,	10,	10,	1,	'2013-07-04 18:17:38',	0,	'paid',	'member',	61.78,	294),
(510,	523,	9,	2,	1,	'2013-07-04 18:19:18',	0,	'new',	'capitan',	60.63,	340),
(511,	160,	6,	2,	1,	'2013-07-04 20:00:59',	0,	'paid',	'capitan',	17.81,	818),
(512,	18,	8,	2,	1,	'2013-07-04 20:01:04',	0,	'new',	'capitan',	7.17,	72),
(513,	525,	6,	2,	1,	'2013-07-04 21:52:05',	0,	'paid',	'capitan',	82.43,	904),
(514,	33,	7,	2,	1,	'2013-07-04 22:24:56',	0,	'new',	'capitan',	90.64,	305),
(515,	527,	6,	2,	1,	'2013-07-05 07:39:39',	0,	'paid',	'capitan',	5.89,	812),
(516,	528,	6,	5,	1,	'2013-07-05 08:24:34',	0,	'paid',	'capitan',	57.55,	146),
(517,	529,	6,	6,	1,	'2013-07-05 09:54:12',	0,	'paid',	'capitan',	70.09,	296),
(518,	530,	6,	2,	1,	'2013-07-05 10:09:03',	0,	'paid',	'capitan',	77.79,	39),
(519,	531,	6,	5,	1,	'2013-07-05 11:00:47',	0,	'paid',	'capitan',	78.70,	310),
(520,	532,	7,	5,	1,	'2013-07-05 14:46:10',	0,	'paid',	'capitan',	60.10,	432),
(521,	446,	6,	2,	1,	'2013-07-05 15:12:58',	0,	'new',	'capitan',	64.40,	229),
(522,	446,	8,	2,	1,	'2013-07-05 15:14:27',	0,	'new',	'capitan',	41.71,	847),
(523,	534,	6,	2,	1,	'2013-07-05 19:29:42',	0,	'paid',	'capitan',	15.35,	551),
(524,	535,	6,	4,	1,	'2013-07-05 19:40:00',	0,	'new',	'capitan',	51.63,	215),
(525,	526,	6,	2,	1,	'2013-07-05 20:42:30',	0,	'paid',	'capitan',	12.10,	421),
(526,	536,	6,	2,	1,	'2013-07-06 09:24:45',	0,	'paid',	'capitan',	5.62,	458),
(527,	8,	6,	5,	1,	'2013-07-06 11:29:46',	0,	'paid',	'capitan',	91.80,	28),
(528,	179,	8,	2,	1,	'2013-07-06 11:59:34',	0,	'new',	'capitan',	42.13,	764),
(529,	538,	7,	2,	1,	'2013-07-06 13:12:05',	0,	'paid',	'capitan',	35.23,	738),
(530,	539,	9,	2,	1,	'2013-07-06 13:29:18',	0,	'new',	'capitan',	49.79,	397),
(531,	541,	6,	1,	1,	'2013-07-06 17:58:13',	0,	'new',	'capitan',	43.23,	773),
(532,	542,	8,	2,	1,	'2013-07-06 18:40:32',	0,	'paid',	'capitan',	66.81,	671),
(533,	24,	6,	2,	1,	'2013-07-06 23:20:18',	0,	'new',	'capitan',	4.37,	39),
(534,	24,	8,	2,	1,	'2013-07-06 23:21:39',	0,	'paid',	'capitan',	21.38,	183),
(535,	546,	6,	5,	1,	'2013-07-07 08:11:25',	0,	'paid',	'capitan',	93.83,	794),
(536,	267,	9,	1,	1,	'2013-07-07 08:46:36',	0,	'new',	'capitan',	4.98,	425),
(537,	547,	6,	2,	1,	'2013-07-07 09:47:48',	0,	'paid',	'capitan',	43.43,	740),
(538,	77,	8,	4,	1,	'2013-07-07 09:59:25',	0,	'paid',	'capitan',	2.22,	424),
(539,	548,	8,	6,	1,	'2013-07-07 10:10:30',	0,	'paid',	'capitan',	80.78,	903),
(540,	549,	8,	2,	1,	'2013-07-07 10:17:10',	0,	'paid',	'capitan',	97.26,	243),
(541,	551,	6,	1,	1,	'2013-07-07 13:27:13',	0,	'paid',	'capitan',	43.94,	504),
(542,	552,	6,	4,	1,	'2013-07-07 14:14:55',	0,	'paid',	'capitan',	27.91,	793),
(543,	553,	6,	2,	1,	'2013-07-07 14:19:39',	0,	'paid',	'capitan',	7.75,	450),
(544,	555,	6,	2,	1,	'2013-07-07 16:50:30',	0,	'paid',	'capitan',	55.01,	874),
(545,	556,	6,	2,	1,	'2013-07-07 16:51:08',	0,	'paid',	'capitan',	51.82,	21),
(546,	557,	9,	2,	0,	'2013-07-07 17:21:33',	0,	'new',	'capitan',	94.07,	480),
(547,	557,	8,	2,	1,	'2013-07-07 17:35:15',	0,	'paid',	'capitan',	14.86,	337),
(548,	558,	6,	4,	1,	'2013-07-07 18:48:48',	0,	'new',	'capitan',	92.12,	248),
(549,	173,	7,	1,	1,	'2013-07-07 18:57:18',	0,	'paid',	'capitan',	16.00,	227),
(550,	559,	6,	2,	0,	'2013-07-07 18:57:31',	0,	'new',	'capitan',	3.66,	391),
(551,	174,	6,	5,	1,	'2013-07-07 21:39:08',	0,	'paid',	'capitan',	70.30,	276),
(552,	561,	6,	1,	1,	'2013-07-07 21:43:10',	0,	'new',	'capitan',	40.50,	204),
(553,	562,	6,	5,	1,	'2013-07-07 21:47:58',	0,	'paid',	'capitan',	91.60,	194),
(554,	563,	6,	2,	1,	'2013-07-07 21:53:15',	0,	'new',	'capitan',	36.49,	356),
(555,	524,	7,	2,	1,	'2013-07-07 21:56:26',	0,	'paid',	'capitan',	7.65,	201),
(556,	564,	6,	2,	1,	'2013-07-07 22:00:57',	0,	'paid',	'capitan',	28.79,	936),
(557,	545,	6,	2,	1,	'2013-07-07 22:13:23',	0,	'paid',	'capitan',	21.01,	77),
(558,	377,	7,	1,	1,	'2013-07-07 22:25:49',	0,	'paid',	'capitan',	18.69,	577),
(559,	565,	7,	4,	1,	'2013-07-07 22:59:02',	0,	'paid',	'capitan',	30.40,	654),
(560,	566,	6,	2,	1,	'2013-07-07 23:45:41',	0,	'paid',	'capitan',	95.92,	538),
(561,	567,	6,	2,	1,	'2013-07-08 07:12:40',	0,	'paid',	'capitan',	88.42,	728),
(562,	499,	6,	2,	1,	'2013-07-08 07:41:36',	0,	'paid',	'capitan',	54.32,	26),
(563,	568,	6,	5,	1,	'2013-07-08 08:27:37',	0,	'paid',	'capitan',	6.33,	945),
(564,	569,	6,	2,	1,	'2013-07-08 08:46:22',	0,	'new',	'capitan',	68.72,	649),
(565,	570,	6,	2,	1,	'2013-07-08 08:51:46',	0,	'paid',	'capitan',	24.61,	409),
(566,	572,	6,	2,	1,	'2013-07-08 10:05:45',	0,	'paid',	'capitan',	16.87,	100),
(567,	574,	6,	2,	1,	'2013-07-08 10:18:48',	0,	'paid',	'capitan',	10.54,	271),
(568,	575,	8,	5,	1,	'2013-07-08 10:21:40',	0,	'paid',	'capitan',	2.09,	54),
(569,	337,	9,	1,	1,	'2013-07-08 10:28:40',	0,	'new',	'capitan',	78.81,	459),
(570,	240,	8,	2,	1,	'2013-07-08 10:35:20',	0,	'new',	'capitan',	87.79,	130),
(571,	576,	6,	5,	1,	'2013-07-08 11:15:41',	0,	'new',	'capitan',	2.52,	276),
(572,	577,	7,	4,	1,	'2013-07-08 11:27:21',	0,	'paid',	'capitan',	49.23,	991),
(573,	578,	6,	5,	1,	'2013-07-08 11:57:47',	0,	'paid',	'capitan',	38.59,	124),
(574,	580,	7,	2,	1,	'2013-07-08 13:26:04',	0,	'new',	'capitan',	45.27,	648),
(575,	573,	6,	2,	1,	'2013-07-08 13:37:29',	0,	'paid',	'capitan',	10.56,	870),
(576,	581,	6,	2,	1,	'2013-07-08 13:40:08',	0,	'paid',	'capitan',	17.01,	404),
(577,	402,	6,	2,	1,	'2013-07-08 13:54:25',	0,	'paid',	'capitan',	53.34,	412),
(578,	583,	6,	2,	1,	'2013-07-08 14:07:03',	0,	'paid',	'capitan',	15.69,	847),
(579,	584,	6,	1,	1,	'2013-07-08 15:08:15',	0,	'paid',	'capitan',	18.44,	998),
(580,	585,	6,	5,	1,	'2013-07-08 17:00:46',	0,	'paid',	'capitan',	45.11,	451),
(581,	586,	8,	2,	1,	'2013-07-08 17:12:08',	0,	'new',	'capitan',	70.23,	259),
(582,	68,	6,	2,	1,	'2013-07-08 17:22:55',	0,	'new',	'capitan',	15.84,	944),
(583,	587,	6,	5,	1,	'2013-07-08 19:23:40',	0,	'paid',	'capitan',	68.51,	944),
(584,	588,	6,	2,	1,	'2013-07-08 20:09:35',	0,	'new',	'capitan',	95.02,	887),
(585,	544,	8,	2,	1,	'2013-07-08 21:08:23',	0,	'paid',	'capitan',	69.56,	601),
(586,	592,	7,	2,	1,	'2013-07-08 21:09:03',	0,	'paid',	'capitan',	62.76,	345),
(587,	593,	6,	2,	1,	'2013-07-08 21:30:54',	0,	'paid',	'capitan',	5.10,	924),
(588,	594,	6,	4,	1,	'2013-07-08 21:50:08',	0,	'new',	'capitan',	37.22,	583),
(589,	595,	9,	4,	1,	'2013-07-08 21:57:51',	0,	'new',	'capitan',	70.80,	145),
(590,	596,	9,	2,	1,	'2013-07-08 22:01:18',	0,	'paid',	'capitan',	42.32,	975),
(591,	597,	9,	2,	1,	'2013-07-08 22:02:42',	0,	'new',	'capitan',	99.23,	440),
(592,	598,	6,	6,	1,	'2013-07-08 22:08:49',	0,	'paid',	'capitan',	69.19,	275),
(593,	599,	6,	2,	1,	'2013-07-08 22:46:11',	0,	'new',	'capitan',	48.24,	57),
(594,	601,	6,	2,	1,	'2013-07-09 06:02:24',	0,	'paid',	'capitan',	33.64,	456),
(595,	602,	9,	4,	1,	'2013-07-09 07:13:38',	0,	'new',	'capitan',	23.48,	113),
(596,	603,	6,	2,	1,	'2013-07-09 08:13:05',	0,	'paid',	'capitan',	16.49,	195),
(597,	604,	7,	1,	1,	'2013-07-09 08:35:30',	0,	'paid',	'capitan',	12.01,	635),
(598,	605,	6,	6,	1,	'2013-07-09 09:17:51',	0,	'paid',	'capitan',	10.58,	593),
(599,	608,	6,	5,	1,	'2013-07-09 10:21:39',	0,	'new',	'capitan',	16.86,	58),
(600,	457,	10,	9,	1,	'2013-07-09 11:03:34',	0,	'paid',	'capitan',	52.56,	509),
(601,	609,	10,	9,	1,	'2013-07-09 11:03:34',	0,	'paid',	'member',	12.22,	374),
(602,	610,	10,	9,	1,	'2013-07-09 11:03:34',	0,	'paid',	'member',	3.41,	343),
(603,	611,	6,	5,	1,	'2013-07-09 11:59:24',	0,	'new',	'capitan',	80.38,	594),
(604,	612,	8,	2,	1,	'2013-07-09 12:06:01',	0,	'paid',	'capitan',	91.70,	939),
(605,	515,	9,	2,	1,	'2013-07-09 12:13:09',	0,	'paid',	'capitan',	17.33,	913),
(606,	615,	9,	2,	1,	'2013-07-09 13:32:28',	0,	'new',	'capitan',	11.58,	749),
(607,	616,	8,	2,	1,	'2013-07-09 14:03:15',	0,	'paid',	'capitan',	5.92,	4),
(608,	617,	8,	6,	1,	'2013-07-09 14:07:27',	0,	'paid',	'capitan',	94.82,	776),
(609,	533,	7,	4,	1,	'2013-07-09 14:25:58',	0,	'paid',	'capitan',	56.37,	865),
(610,	618,	7,	2,	1,	'2013-07-09 14:31:15',	0,	'paid',	'capitan',	97.39,	0),
(611,	619,	7,	5,	1,	'2013-07-09 15:10:33',	0,	'new',	'capitan',	17.84,	404),
(612,	621,	6,	2,	1,	'2013-07-09 15:53:29',	0,	'paid',	'capitan',	97.02,	19),
(613,	621,	8,	2,	1,	'2013-07-09 15:57:50',	0,	'paid',	'capitan',	31.60,	885),
(614,	550,	6,	2,	1,	'2013-07-09 16:21:26',	0,	'new',	'capitan',	66.94,	367),
(615,	613,	6,	2,	1,	'2013-07-09 16:25:06',	0,	'paid',	'capitan',	39.87,	180),
(616,	622,	7,	1,	1,	'2013-07-09 16:34:24',	0,	'paid',	'capitan',	98.55,	799),
(617,	88,	6,	2,	1,	'2013-07-09 17:22:12',	0,	'paid',	'capitan',	73.14,	455),
(618,	512,	9,	2,	1,	'2013-07-09 17:24:49',	0,	'paid',	'capitan',	70.05,	879),
(619,	620,	6,	1,	1,	'2013-07-09 18:20:26',	0,	'paid',	'capitan',	30.81,	30),
(620,	216,	6,	2,	1,	'2013-07-09 18:47:57',	0,	'new',	'capitan',	43.90,	513),
(621,	624,	7,	2,	1,	'2013-07-09 18:58:04',	0,	'paid',	'capitan',	27.09,	474),
(622,	623,	7,	2,	1,	'2013-07-09 19:06:25',	0,	'paid',	'capitan',	3.75,	833),
(623,	478,	6,	5,	1,	'2013-07-09 22:19:20',	0,	'paid',	'capitan',	37.46,	740),
(624,	627,	7,	6,	1,	'2013-07-09 22:37:05',	0,	'new',	'capitan',	76.04,	203),
(625,	628,	9,	2,	1,	'2013-07-10 00:45:39',	0,	'paid',	'capitan',	67.84,	795),
(626,	630,	8,	1,	1,	'2013-07-10 08:55:00',	0,	'new',	'capitan',	11.08,	364),
(627,	631,	8,	4,	1,	'2013-07-10 09:53:08',	0,	'paid',	'capitan',	51.89,	438),
(628,	381,	7,	1,	1,	'2013-07-10 10:07:01',	0,	'new',	'capitan',	26.19,	97),
(629,	632,	7,	1,	1,	'2013-07-10 10:12:44',	0,	'new',	'capitan',	75.28,	172),
(630,	633,	9,	2,	1,	'2013-07-10 10:47:59',	0,	'new',	'capitan',	97.84,	567),
(631,	634,	6,	2,	1,	'2013-07-10 10:48:20',	0,	'new',	'capitan',	63.34,	318),
(632,	636,	6,	1,	1,	'2013-07-10 11:33:25',	0,	'new',	'capitan',	23.20,	891),
(633,	637,	6,	2,	1,	'2013-07-10 11:41:32',	0,	'paid',	'capitan',	25.96,	501),
(634,	582,	7,	2,	1,	'2013-07-10 17:36:45',	0,	'new',	'capitan',	60.22,	834),
(635,	642,	6,	2,	1,	'2013-07-10 18:44:39',	0,	'new',	'capitan',	23.20,	663),
(636,	36,	6,	2,	1,	'2013-07-10 20:26:09',	0,	'paid',	'capitan',	35.33,	816),
(637,	644,	6,	2,	1,	'2013-07-10 21:10:29',	0,	'new',	'capitan',	7.07,	90),
(638,	643,	8,	5,	1,	'2013-07-10 21:10:59',	0,	'paid',	'capitan',	29.34,	4),
(639,	645,	8,	2,	1,	'2013-07-10 21:12:57',	0,	'new',	'capitan',	25.48,	748),
(640,	646,	6,	5,	1,	'2013-07-10 21:16:47',	0,	'paid',	'capitan',	39.40,	726),
(641,	129,	10,	9,	1,	'2013-07-10 21:42:45',	0,	'new',	'capitan',	20.55,	389),
(642,	647,	10,	9,	1,	'2013-07-10 21:42:46',	0,	'new',	'member',	84.54,	767),
(643,	648,	10,	9,	1,	'2013-07-10 21:42:46',	0,	'new',	'member',	61.05,	666),
(644,	649,	6,	1,	1,	'2013-07-10 22:12:08',	0,	'new',	'capitan',	51.64,	30),
(645,	650,	6,	2,	1,	'2013-07-10 22:13:34',	0,	'paid',	'capitan',	75.07,	151),
(646,	651,	8,	2,	1,	'2013-07-10 22:15:29',	0,	'paid',	'capitan',	20.41,	667),
(647,	653,	6,	2,	1,	'2013-07-10 23:12:39',	0,	'paid',	'capitan',	76.85,	880),
(648,	656,	6,	2,	1,	'2013-07-11 07:56:58',	0,	'new',	'capitan',	23.01,	402),
(649,	658,	6,	2,	1,	'2013-07-11 08:50:45',	0,	'new',	'capitan',	84.50,	367),
(650,	661,	6,	4,	1,	'2013-07-11 09:32:08',	0,	'new',	'capitan',	53.48,	628),
(651,	662,	6,	5,	1,	'2013-07-11 09:49:02',	0,	'new',	'capitan',	13.91,	41),
(652,	657,	7,	4,	1,	'2013-07-11 09:55:28',	0,	'paid',	'capitan',	9.09,	320),
(653,	663,	6,	4,	1,	'2013-07-11 10:02:32',	0,	'paid',	'capitan',	3.72,	477),
(654,	15,	10,	9,	1,	'2013-07-11 10:58:58',	0,	'paid',	'capitan',	91.34,	424),
(655,	664,	10,	9,	1,	'2013-07-11 10:58:58',	0,	'paid',	'member',	45.53,	691),
(656,	665,	10,	9,	1,	'2013-07-11 10:58:58',	0,	'paid',	'member',	53.63,	183),
(657,	666,	6,	2,	1,	'2013-07-11 12:36:04',	0,	'paid',	'capitan',	31.55,	843),
(658,	554,	9,	4,	1,	'2013-07-11 13:45:45',	0,	'paid',	'capitan',	96.88,	663),
(659,	669,	9,	4,	1,	'2013-07-11 13:57:06',	0,	'paid',	'capitan',	89.73,	786),
(660,	670,	6,	6,	1,	'2013-07-11 14:08:36',	0,	'new',	'capitan',	58.00,	944),
(661,	667,	6,	2,	1,	'2013-07-11 14:22:01',	0,	'paid',	'capitan',	20.82,	360),
(662,	428,	9,	1,	1,	'2013-07-11 14:26:54',	0,	'new',	'capitan',	30.12,	968),
(663,	671,	8,	2,	1,	'2013-07-11 15:11:28',	0,	'new',	'capitan',	88.14,	758),
(664,	672,	8,	2,	1,	'2013-07-11 16:36:57',	0,	'new',	'capitan',	50.31,	890),
(665,	102,	6,	1,	1,	'2013-07-11 16:47:51',	0,	'new',	'capitan',	87.16,	173),
(666,	673,	6,	2,	1,	'2013-07-11 17:35:14',	0,	'paid',	'capitan',	84.87,	194),
(667,	443,	9,	2,	1,	'2013-07-11 17:58:11',	0,	'new',	'capitan',	62.87,	453),
(668,	674,	6,	5,	1,	'2013-07-11 18:30:32',	0,	'paid',	'capitan',	59.75,	684),
(669,	675,	9,	5,	1,	'2013-07-11 18:31:29',	0,	'paid',	'capitan',	10.13,	59),
(670,	676,	9,	7,	1,	'2013-07-11 18:34:26',	0,	'paid',	'capitan',	71.42,	243),
(671,	677,	7,	5,	1,	'2013-07-11 18:58:55',	0,	'paid',	'capitan',	26.68,	40),
(672,	679,	7,	1,	1,	'2013-07-11 19:08:46',	0,	'paid',	'capitan',	19.14,	469),
(673,	681,	7,	2,	1,	'2013-07-11 19:51:25',	0,	'new',	'capitan',	15.69,	226),
(674,	683,	8,	2,	1,	'2013-07-11 21:00:57',	0,	'new',	'capitan',	21.01,	722),
(675,	684,	6,	1,	1,	'2013-07-11 21:44:44',	0,	'paid',	'capitan',	57.99,	934),
(676,	685,	6,	1,	1,	'2013-07-11 21:47:22',	0,	'new',	'capitan',	26.90,	503),
(677,	686,	8,	4,	1,	'2013-07-11 22:22:01',	0,	'paid',	'capitan',	60.52,	711),
(678,	52,	8,	2,	1,	'2013-07-11 23:16:41',	0,	'new',	'capitan',	21.93,	49),
(679,	143,	6,	2,	1,	'2013-07-12 07:29:50',	0,	'paid',	'capitan',	28.06,	111),
(680,	687,	8,	2,	1,	'2013-07-12 08:07:48',	0,	'new',	'capitan',	74.54,	406),
(681,	689,	8,	2,	1,	'2013-07-12 09:07:32',	0,	'paid',	'capitan',	88.51,	698),
(682,	690,	8,	2,	1,	'2013-07-12 09:43:46',	0,	'paid',	'capitan',	18.92,	271),
(683,	691,	8,	2,	1,	'2013-07-12 09:53:06',	0,	'paid',	'capitan',	29.08,	262),
(684,	692,	8,	2,	1,	'2013-07-12 10:42:29',	0,	'new',	'capitan',	88.63,	497),
(685,	693,	8,	2,	1,	'2013-07-12 10:48:36',	0,	'new',	'capitan',	55.93,	699),
(686,	694,	10,	10,	1,	'2013-07-12 11:18:40',	0,	'new',	'capitan',	13.75,	2),
(687,	695,	10,	10,	1,	'2013-07-12 11:18:40',	0,	'new',	'member',	0.98,	915),
(688,	473,	10,	10,	1,	'2013-07-12 11:18:40',	0,	'new',	'member',	63.63,	570),
(689,	696,	7,	2,	1,	'2013-07-12 11:20:18',	0,	'paid',	'capitan',	15.19,	105),
(690,	698,	10,	10,	1,	'2013-07-12 11:27:09',	0,	'new',	'capitan',	85.09,	813),
(691,	699,	10,	10,	1,	'2013-07-12 11:27:09',	0,	'new',	'member',	79.89,	750),
(692,	700,	10,	10,	1,	'2013-07-12 11:27:09',	0,	'new',	'member',	44.15,	311),
(693,	701,	10,	9,	1,	'2013-07-12 11:39:35',	0,	'new',	'capitan',	81.08,	305),
(694,	702,	10,	9,	1,	'2013-07-12 11:39:35',	0,	'new',	'member',	72.95,	594),
(695,	703,	10,	9,	1,	'2013-07-12 11:39:35',	0,	'new',	'member',	21.52,	55),
(696,	704,	8,	2,	1,	'2013-07-12 11:43:28',	0,	'new',	'capitan',	88.76,	493),
(697,	510,	6,	2,	1,	'2013-07-12 12:04:40',	0,	'paid',	'capitan',	79.24,	299),
(698,	680,	7,	2,	1,	'2013-07-12 12:23:42',	0,	'paid',	'capitan',	29.90,	16),
(699,	705,	6,	6,	1,	'2013-07-12 12:39:28',	0,	'new',	'capitan',	11.80,	185),
(700,	10,	6,	5,	1,	'2013-07-12 12:46:28',	0,	'paid',	'capitan',	69.30,	877),
(701,	706,	6,	2,	1,	'2013-07-12 12:49:41',	0,	'paid',	'capitan',	11.08,	827),
(702,	707,	6,	2,	1,	'2013-07-12 12:51:29',	0,	'paid',	'capitan',	47.51,	506),
(703,	708,	6,	1,	1,	'2013-07-12 12:54:02',	0,	'new',	'capitan',	4.29,	49),
(704,	710,	6,	2,	1,	'2013-07-12 12:58:03',	0,	'new',	'capitan',	78.95,	728),
(705,	711,	6,	2,	1,	'2013-07-12 13:03:09',	0,	'new',	'capitan',	81.87,	491),
(706,	712,	6,	1,	1,	'2013-07-12 13:11:30',	0,	'new',	'capitan',	72.49,	271),
(707,	713,	6,	1,	1,	'2013-07-12 13:13:54',	0,	'paid',	'capitan',	16.87,	884),
(708,	652,	6,	2,	1,	'2013-07-12 13:18:41',	0,	'paid',	'capitan',	66.84,	607),
(709,	539,	6,	2,	1,	'2013-07-12 16:18:34',	0,	'paid',	'capitan',	83.62,	382),
(710,	171,	6,	2,	1,	'2013-07-12 16:48:40',	0,	'paid',	'capitan',	17.56,	91),
(711,	720,	9,	5,	1,	'2013-07-12 16:51:03',	0,	'new',	'capitan',	36.94,	307),
(712,	721,	6,	2,	1,	'2013-07-12 17:07:29',	0,	'paid',	'capitan',	32.02,	261),
(713,	722,	6,	2,	1,	'2013-07-12 17:21:11',	0,	'paid',	'capitan',	49.26,	387),
(714,	196,	6,	5,	1,	'2013-07-12 17:24:16',	0,	'new',	'capitan',	50.27,	150),
(715,	590,	6,	5,	1,	'2013-07-12 18:14:11',	0,	'paid',	'capitan',	3.58,	588),
(716,	724,	7,	1,	1,	'2013-07-12 18:17:16',	0,	'paid',	'capitan',	67.07,	491),
(717,	725,	6,	2,	1,	'2013-07-12 18:45:16',	0,	'paid',	'capitan',	24.62,	692),
(718,	727,	8,	2,	1,	'2013-07-12 22:07:40',	0,	'paid',	'capitan',	21.90,	985),
(719,	108,	6,	2,	1,	'2013-07-13 10:16:08',	0,	'paid',	'capitan',	35.61,	848),
(720,	729,	7,	1,	1,	'2013-07-13 10:17:54',	0,	'paid',	'capitan',	12.36,	286),
(721,	211,	6,	6,	1,	'2013-07-13 10:18:33',	0,	'paid',	'capitan',	54.99,	885),
(722,	697,	7,	1,	1,	'2013-07-13 10:19:18',	0,	'paid',	'capitan',	37.85,	568),
(723,	730,	6,	2,	1,	'2013-07-13 10:22:47',	0,	'paid',	'capitan',	24.30,	183),
(724,	731,	7,	4,	1,	'2013-07-13 10:24:55',	0,	'paid',	'capitan',	7.95,	214),
(725,	201,	7,	1,	1,	'2013-07-13 10:25:39',	0,	'paid',	'capitan',	66.82,	520),
(726,	732,	6,	2,	1,	'2013-07-13 10:27:10',	0,	'paid',	'capitan',	10.28,	959),
(727,	734,	7,	4,	1,	'2013-07-13 10:28:52',	0,	'paid',	'capitan',	50.92,	233),
(728,	537,	6,	2,	1,	'2013-07-13 10:29:34',	0,	'paid',	'capitan',	23.75,	289),
(729,	735,	6,	2,	1,	'2013-07-13 10:31:13',	0,	'paid',	'capitan',	65.99,	744),
(730,	124,	6,	1,	1,	'2013-07-13 10:32:51',	0,	'paid',	'capitan',	58.73,	856),
(731,	736,	6,	5,	1,	'2013-07-13 10:35:42',	0,	'paid',	'capitan',	95.66,	45),
(732,	737,	6,	4,	1,	'2013-07-13 10:37:03',	0,	'paid',	'capitan',	2.13,	657),
(733,	726,	7,	6,	1,	'2013-07-13 10:38:39',	0,	'paid',	'capitan',	23.66,	152),
(734,	738,	7,	6,	1,	'2013-07-13 10:41:03',	0,	'paid',	'capitan',	11.90,	789),
(735,	614,	7,	3,	1,	'2013-07-13 10:41:33',	0,	'paid',	'capitan',	88.51,	488),
(736,	739,	7,	5,	1,	'2013-07-13 10:43:18',	0,	'paid',	'capitan',	6.85,	75),
(737,	740,	7,	5,	1,	'2013-07-13 10:45:12',	0,	'paid',	'capitan',	68.73,	910),
(738,	226,	7,	3,	1,	'2013-07-13 10:46:12',	0,	'paid',	'capitan',	23.10,	327),
(739,	741,	6,	2,	1,	'2013-07-13 10:47:40',	0,	'paid',	'capitan',	9.32,	903),
(740,	742,	6,	2,	1,	'2013-07-13 10:49:05',	0,	'paid',	'capitan',	77.30,	534),
(741,	198,	6,	4,	1,	'2013-07-13 10:49:45',	0,	'paid',	'capitan',	58.53,	963),
(742,	743,	6,	6,	1,	'2013-07-13 10:51:06',	0,	'paid',	'capitan',	60.76,	212),
(743,	744,	6,	4,	1,	'2013-07-13 11:10:45',	0,	'paid',	'capitan',	28.23,	171),
(744,	745,	6,	2,	1,	'2013-07-13 11:12:15',	0,	'paid',	'capitan',	58.84,	221),
(745,	746,	6,	2,	1,	'2013-07-13 11:14:14',	0,	'paid',	'capitan',	9.50,	591),
(746,	747,	6,	2,	1,	'2013-07-13 11:15:50',	0,	'paid',	'capitan',	71.01,	290),
(747,	626,	6,	2,	1,	'2013-07-13 11:16:21',	0,	'paid',	'capitan',	26.53,	680),
(748,	120,	6,	2,	1,	'2013-07-13 11:16:49',	0,	'paid',	'capitan',	19.62,	529),
(749,	748,	6,	2,	1,	'2013-07-13 11:19:33',	0,	'paid',	'capitan',	18.52,	603),
(750,	749,	6,	2,	1,	'2013-07-13 11:21:37',	0,	'paid',	'capitan',	33.74,	431),
(751,	750,	6,	4,	1,	'2013-07-13 11:23:01',	0,	'paid',	'capitan',	13.12,	344),
(752,	62,	6,	2,	1,	'2013-07-13 11:23:37',	0,	'paid',	'capitan',	64.38,	426),
(753,	197,	6,	5,	1,	'2013-07-13 11:24:42',	0,	'paid',	'capitan',	82.54,	99),
(754,	571,	6,	2,	1,	'2013-07-13 11:26:01',	0,	'paid',	'capitan',	19.56,	216),
(755,	229,	6,	2,	1,	'2013-07-13 11:27:08',	0,	'paid',	'capitan',	50.19,	786),
(756,	640,	6,	5,	1,	'2013-07-13 11:27:40',	0,	'paid',	'capitan',	92.28,	279),
(757,	751,	6,	2,	1,	'2013-07-13 11:29:13',	0,	'paid',	'capitan',	10.82,	36),
(758,	752,	6,	7,	1,	'2013-07-13 11:31:18',	0,	'paid',	'capitan',	77.27,	345),
(759,	753,	6,	5,	1,	'2013-07-13 11:32:34',	0,	'paid',	'capitan',	53.90,	616),
(760,	754,	6,	5,	1,	'2013-07-13 11:33:52',	0,	'paid',	'capitan',	37.67,	45),
(761,	756,	6,	2,	1,	'2013-07-13 11:35:25',	0,	'paid',	'capitan',	26.65,	375),
(762,	757,	6,	5,	1,	'2013-07-13 11:36:55',	0,	'paid',	'capitan',	20.25,	743),
(763,	758,	6,	2,	1,	'2013-07-13 11:38:11',	0,	'paid',	'capitan',	21.28,	587),
(764,	659,	6,	2,	1,	'2013-07-13 11:38:40',	0,	'paid',	'capitan',	45.68,	708),
(765,	759,	6,	1,	1,	'2013-07-13 11:41:51',	0,	'paid',	'capitan',	64.53,	779),
(766,	760,	7,	2,	1,	'2013-07-13 11:43:20',	0,	'paid',	'capitan',	85.63,	769),
(767,	71,	6,	2,	1,	'2013-07-13 11:44:07',	0,	'paid',	'capitan',	34.55,	507),
(768,	761,	7,	2,	1,	'2013-07-13 11:45:32',	0,	'paid',	'capitan',	15.85,	231),
(769,	762,	6,	2,	1,	'2013-07-13 11:47:08',	0,	'paid',	'capitan',	75.60,	635),
(770,	33,	9,	2,	1,	'2013-07-13 15:00:09',	0,	'new',	'capitan',	30.44,	481),
(771,	39,	8,	5,	1,	'2013-07-13 21:59:13',	0,	'new',	'capitan',	25.39,	498),
(772,	765,	10,	9,	1,	'2013-07-13 22:26:05',	0,	'new',	'capitan',	35.66,	48),
(773,	732,	10,	9,	1,	'2013-07-13 22:26:06',	0,	'new',	'member',	2.13,	746),
(774,	766,	10,	9,	1,	'2013-07-13 22:26:06',	0,	'new',	'member',	3.65,	587),
(775,	768,	8,	3,	1,	'2013-07-14 10:01:12',	0,	'new',	'capitan',	11.86,	694),
(776,	536,	8,	2,	1,	'2013-07-14 10:17:58',	0,	'new',	'capitan',	48.37,	712),
(777,	296,	8,	2,	1,	'2013-07-14 12:15:35',	0,	'new',	'capitan',	6.27,	479),
(778,	769,	8,	2,	1,	'2013-07-14 18:37:08',	0,	'new',	'capitan',	86.22,	256),
(779,	44,	8,	5,	1,	'2013-07-15 08:51:04',	0,	'new',	'capitan',	12.30,	845),
(780,	162,	9,	2,	1,	'2013-07-15 13:53:39',	0,	'new',	'capitan',	2.85,	455),
(781,	772,	8,	2,	1,	'2013-07-15 14:17:48',	0,	'paid',	'capitan',	77.36,	742),
(782,	773,	6,	6,	1,	'2013-07-15 16:10:11',	0,	'paid',	'capitan',	78.24,	345),
(783,	1,	4,	2,	1,	'2013-08-27 12:15:50',	0,	'new',	'capitan',	59.10,	499);

DROP TABLE IF EXISTS `series`;
CREATE TABLE `series` (
  `id` int(11) NOT NULL AUTO_INCREMENT,
  `visible` tinyint(1) NOT NULL DEFAULT '1',
  `name` varchar(255) COLLATE utf8_czech_ci NOT NULL,
  `state` enum('active') COLLATE utf8_czech_ci DEFAULT NULL,
  `year` int(11) DEFAULT NULL,
  PRIMARY KEY (`id`),
  UNIQUE KEY `state` (`state`)
) ENGINE=InnoDB DEFAULT CHARSET=utf8 COLLATE=utf8_czech_ci;

INSERT INTO `series` (`id`, `visible`, `name`, `state`, `year`) VALUES
(1,	1,	'2013',	NULL,	2013),
(2,	1,	'2014',	'active',	2014);

DROP TABLE IF EXISTS `track`;
CREATE TABLE `track` (
  `id` int(11) NOT NULL AUTO_INCREMENT,
  `id_race` int(11) NOT NULL,
  `id_sport` int(11) DEFAULT NULL,
  `visible` tinyint(1) NOT NULL DEFAULT '1',
  `name` varchar(255) COLLATE utf8_czech_ci NOT NULL,
  `capacity` int(11) DEFAULT NULL,
  `team_size` int(11) DEFAULT NULL,
  PRIMARY KEY (`id`),
  KEY `fk_category_race1_idx` (`id_race`),
  CONSTRAINT `fk_category_race1` FOREIGN KEY (`id_race`) REFERENCES `race` (`id`) ON DELETE CASCADE ON UPDATE CASCADE
) ENGINE=InnoDB DEFAULT CHARSET=utf8 COLLATE=utf8_czech_ci;

INSERT INTO `track` (`id`, `id_race`, `id_sport`, `visible`, `name`, `capacity`, `team_size`) VALUES
(1,	1,	NULL,	1,	'3km běh – 15 km horské kolo – 1,5 km běh',	NULL,	NULL),
(2,	1,	NULL,	0,	'Test 2',	NULL,	NULL),
(3,	2,	NULL,	0,	'Test 3',	NULL,	NULL),
(4,	3,	NULL,	1,	'12 km a 300 metrů převýšení',	NULL,	NULL),
(5,	3,	NULL,	1,	'4 km a 100 metrů převýšení',	NULL,	NULL),
(6,	4,	NULL,	1,	'45 km a 1560 metrů převýšení',	NULL,	NULL),
(7,	4,	NULL,	1,	'25 km a 897 metrů převýšení',	NULL,	NULL),
(8,	2,	NULL,	1,	'Dlouhý',	NULL,	NULL),
(9,	2,	NULL,	1,	'Krátký',	NULL,	NULL),
(10,	2,	NULL,	1,	'Štafeta',	NULL,	3),
(11,	4,	NULL,	0,	'Testovací trať, prosím neregistrujte se!',	NULL,	NULL),
(12,	1,	NULL,	0,	'Testovací trať, prosím neregistrujte se!',	NULL,	NULL),
(13,	1,	NULL,	0,	'Testovací trať, prosím neregistrujte se!',	500,	NULL);

DROP TABLE IF EXISTS `user`;
CREATE TABLE `user` (
  `id` int(11) NOT NULL AUTO_INCREMENT,
  `visible` tinyint(1) NOT NULL DEFAULT '1',
  `email` varchar(255) COLLATE utf8_czech_ci DEFAULT NULL,
  `password` char(40) COLLATE utf8_czech_ci DEFAULT NULL,
  `facebook` varchar(255) COLLATE utf8_czech_ci DEFAULT NULL,
  `sex` enum('male','female') COLLATE utf8_czech_ci NOT NULL,
  `name` varchar(255) COLLATE utf8_czech_ci NOT NULL,
  `surname` varchar(255) COLLATE utf8_czech_ci NOT NULL,
  `id_country` int(11) DEFAULT NULL,
  PRIMARY KEY (`id`),
  KEY `fk_country` (`id_country`),
  CONSTRAINT `fk_country` FOREIGN KEY (`id_country`) REFERENCES `country` (`id`) ON UPDATE CASCADE
) ENGINE=InnoDB DEFAULT CHARSET=utf8 COLLATE=utf8_czech_ci;

INSERT INTO `user` (`id`, `visible`, `email`, `password`, `facebook`, `sex`, `name`, `surname`, `id_country`) VALUES
(1,	1,	'ja@sport.cz',	'16a11327af',	'',	'male',	'Svaťa',	'Ši',	1),
(2,	1,	'tom@sport.cz',	'1d04185559',	NULL,	'male',	'Tomas',	'No',	1),
(3,	1,	'tes@sport.cz',	'0ffee3e80f',	NULL,	'male',	'Smazat',	'Pr',	1),
(4,	1,	'jan@sport.cz',	'c4858a65b6',	NULL,	'male',	'Jan',	'Ma',	1),
(5,	1,	'ale@sport.cz',	'307cbd3b38',	'',	'male',	'Aleš',	'Ko',	1),
(6,	1,	'mik@sport.cz',	'48ff98f88e',	NULL,	'male',	'Pavel',	'Mi',	1),
(7,	1,	'pos@sport.cz',	'a72de12cc8',	NULL,	'male',	'David',	'Po',	1),
(8,	1,	'ned@sport.cz',	'07ce9fedaa',	NULL,	'male',	'Stanislav',	'Ne',	1),
(9,	1,	'efc@sport.cz',	'0872de46ad',	NULL,	'male',	'Roman',	'Na',	1),
(10,	1,	'mac@sport.cz',	'8787305dad',	NULL,	'male',	'Tomáš',	'Ma',	1),
(11,	1,	'mic@sport.cz',	'06f43aa3b9',	NULL,	'male',	'Michal',	'Be',	1),
(12,	1,	'zab@sport.cz',	'e7a846c2ff',	NULL,	'male',	'Matěj',	'Zá',	1),
(13,	1,	'kuc@sport.cz',	'958952ba3a',	NULL,	'male',	'Břetislav',	'Ku',	1),
(14,	1,	'rad@sport.cz',	'55b259c398',	NULL,	'male',	'Radim',	'Ma',	1),
(15,	1,	'kov@sport.cz',	'1970d63a9e',	NULL,	'male',	'Boris',	'Ko',	1),
(16,	1,	'rog@sport.cz',	'02f30e49c1',	NULL,	'male',	'Roman',	'Gl',	1),
(17,	1,	'hou@sport.cz',	'24d862a7e0',	NULL,	'male',	'Miroslav',	'Ho',	1),
(18,	1,	'jar@sport.cz',	'2f96c73ded',	NULL,	'male',	'Jaromír',	'Vy',	1),
(19,	1,	'rom@sport.cz',	'291fba7ce7',	NULL,	'male',	'Roman',	'Čá',	1),
(21,	1,	'pet@sport.cz',	'cfc6d2fc88',	NULL,	'male',	'Petr',	'Ci',	1),
(22,	1,	'Jir@sport.cz',	'9fae323554',	NULL,	'male',	'Jiří',	'Tr',	1),
(23,	1,	'mba@sport.cz',	'ceefc11d33',	NULL,	'female',	'Barbora',	'Mu',	1),
(24,	1,	'jan@sport.cz',	'0910a3d74e',	NULL,	'male',	'Jan',	'Ku',	1),
(25,	1,	'lho@sport.cz',	'42c211403e',	NULL,	'male',	'Petr',	'Lh',	1),
(26,	0,	'kla@sport.cz',	'391c7ad537',	NULL,	'female',	'Klára',	'Ba',	1),
(27,	1,	'tom@sport.cz',	'5926ccea82',	'',	'female',	'Jitka',	'No',	1),
(28,	1,	'cyk@sport.cz',	'af0fdbfed0',	NULL,	'male',	'Přemysl',	'Ža',	1),
(29,	1,	'val@sport.cz',	'2cf679d9c8',	NULL,	'male',	'Michal',	'Va',	1),
(30,	1,	'kam@sport.cz',	'6cf3135a41',	NULL,	'male',	'Jan',	'No',	1),
(31,	1,	'jan@sport.cz',	'2bb29a03d6',	NULL,	'male',	'Jan',	'Ma',	1),
(32,	1,	'lub@sport.cz',	'e20e2a54b2',	NULL,	'male',	'Lubomír',	'Su',	1),
(33,	1,	'sei@sport.cz',	'5878d623bf',	NULL,	'male',	'Roman',	'Se',	1),
(34,	1,	'zde@sport.cz',	'2b2fd40f03',	NULL,	'male',	'Zdenda',	'Šp',	1),
(35,	1,	'roc@sport.cz',	'e79242ad37',	NULL,	'male',	'Karel',	'Ro',	1),
(36,	1,	'hel@sport.cz',	'189213724c',	NULL,	'male',	'Ivo',	'He',	1),
(37,	1,	'Mar@sport.cz',	'1d29a982f6',	NULL,	'male',	'Martin',	'Pi',	1),
(38,	1,	'sus@sport.cz',	'c2f7b2f997',	NULL,	'male',	'Vladimír',	'Su',	1),
(39,	1,	'pol@sport.cz',	'f24ef514c6',	'',	'male',	'Michal',	'Po',	1),
(40,	1,	'eva@sport.cz',	'1cd82c92b1',	NULL,	'female',	'Eva',	'Ma',	1),
(41,	1,	'jan@sport.cz',	'88b34b6b1d',	NULL,	'male',	'Jan',	'Ku',	1),
(42,	1,	'kru@sport.cz',	'216a2d7187',	NULL,	'female',	'Lenka',	'Kr',	1),
(43,	1,	'zde@sport.cz',	'ad1fe82357',	NULL,	'male',	'Zdenek',	'Mi',	1),
(44,	1,	'mik@sport.cz',	'1a8cd70a83',	NULL,	'male',	'Michal',	'Pe',	1),
(45,	1,	'Pav@sport.cz',	'ccdca1fb53',	NULL,	'male',	'Pavel',	'Ho',	1),
(46,	1,	'mar@sport.cz',	'f36980b5e7',	NULL,	'female',	'Marta',	'To',	1),
(47,	1,	'kne@sport.cz',	'0b021f0a9f',	NULL,	'male',	'Denis',	'Kn',	1),
(48,	1,	'luc@sport.cz',	'22a7a7c1ac',	NULL,	'female',	'Lucie',	'Gr',	1),
(49,	1,	'pet@sport.cz',	'd7a212f55b',	NULL,	'male',	'Pavel',	'Pe',	1),
(50,	1,	'kar@sport.cz',	'f75b8d904c',	NULL,	'male',	'Karel',	'Ku',	1),
(51,	1,	'adk@sport.cz',	'bd83c9355d',	NULL,	'male',	'jiří',	'kl',	1),
(52,	1,	'v.g@sport.cz',	'333097879b',	NULL,	'male',	'Vojtěch',	'Gr',	1),
(54,	1,	'sim@sport.cz',	'dc6eba60e3',	'',	'male',	'Svatopluk',	'Es',	1),
(55,	1,	'sta@sport.cz',	'5eccecb456',	NULL,	'male',	'Stanislav',	'Šp',	1),
(56,	1,	'cyk@sport.cz',	'e001d00ad2',	NULL,	'female',	'Hana',	'Ka',	1),
(57,	1,	'mat@sport.cz',	'8283cbb9e1',	NULL,	'male',	'Martin',	'La',	1),
(58,	1,	'm.b@sport.cz',	'78477ef4fd',	NULL,	'male',	'Martin',	'Bu',	1),
(59,	1,	'dav@sport.cz',	'8037de5553',	NULL,	'male',	'David',	'Pe',	1),
(60,	1,	'rad@sport.cz',	'bbe1c3bc28',	NULL,	'male',	'Radim',	'Bu',	1),
(61,	0,	'jan@sport.cz',	'e6583bd8cb',	NULL,	'female',	'Jana',	'Ba',	1),
(62,	1,	'jii@sport.cz',	'b655c09fa7',	NULL,	'male',	'Jiří',	'Há',	1),
(63,	1,	'l.h@sport.cz',	'c1da566aba',	NULL,	'male',	'Libor',	'Hl',	1),
(64,	1,	'mic@sport.cz',	'3c3ae05357',	NULL,	'male',	'Michal',	'No',	1),
(65,	1,	'stu@sport.cz',	'57600e21a2',	NULL,	'male',	'Vlastimil',	'St',	1),
(66,	1,	'jan@sport.cz',	'81b08e6a48',	NULL,	'male',	'Jan',	'Ty',	1),
(67,	1,	'bor@sport.cz',	'458e2d1fc9',	NULL,	'male',	'Jiří',	'BO',	1),
(68,	1,	'bra@sport.cz',	'cd9fa8b50b',	NULL,	'male',	'Daniel',	'Br',	1),
(69,	1,	'wil@sport.cz',	'9a055e598c',	NULL,	'male',	'Ondřej',	'Wi',	1),
(70,	1,	'jar@sport.cz',	'3c5a7b8a48',	NULL,	'male',	'Jaroslav',	'Ka',	1),
(71,	1,	'pat@sport.cz',	'79e177d292',	NULL,	'male',	'Patrik',	'He',	1),
(72,	1,	'r.s@sport.cz',	'bc8c07570b',	NULL,	'male',	'Radek',	'Sv',	1),
(73,	1,	'pet@sport.cz',	'56b5b7d5f3',	NULL,	'male',	'Petr',	'Ku',	1),
(74,	1,	'nav@sport.cz',	'4ebcac72e7',	NULL,	'male',	'Martin',	'Na',	1),
(75,	1,	'sim@sport.cz',	'977c154c83',	NULL,	'female',	'Simona',	'Šv',	1),
(76,	1,	'ern@sport.cz',	'05f4b39b54',	NULL,	'male',	'Pavel',	'ER',	1),
(77,	1,	'Luc@sport.cz',	'aab71414d5',	NULL,	'female',	'Lucie',	'Ja',	1),
(78,	1,	'z.o@sport.cz',	'07b7a104bf',	NULL,	'male',	'Zdeněk',	'Oh',	1),
(79,	1,	'ven@sport.cz',	'cbedca5f0f',	NULL,	'female',	'Vendula',	'Pu',	1),
(80,	1,	'ver@sport.cz',	'6edc388414',	NULL,	'female',	'Veronika',	'Bě',	1),
(81,	1,	'rob@sport.cz',	'd4ee57c9b7',	NULL,	'male',	'Robin',	'Sz',	1),
(82,	1,	'mar@sport.cz',	'5175de15b9',	NULL,	'male',	'Martin',	'Na',	1),
(83,	1,	'j.d@sport.cz',	'4db08c1556',	NULL,	'male',	'Daniel',	'Dl',	1),
(84,	1,	'j.k@sport.cz',	'9887d72b5a',	NULL,	'male',	'Jozef',	'Ko',	2),
(85,	1,	'pet@sport.cz',	'f162a79b99',	NULL,	'male',	'Petr',	'Po',	1),
(86,	1,	'kol@sport.cz',	'be239fd8af',	NULL,	'female',	'Kateřina',	'Va',	1),
(87,	1,	'dus@sport.cz',	'da18a7e560',	NULL,	'male',	'Dušan',	'Že',	1),
(88,	1,	'jan@sport.cz',	'45c4597c92',	NULL,	'male',	'Jan',	'Va',	1),
(89,	1,	'TVa@sport.cz',	'969cc6864d',	NULL,	'male',	'Tomáš',	'Va',	1),
(91,	1,	'kan@sport.cz',	'2d6399d5de',	NULL,	'male',	'Břetislav',	'Ku',	1),
(92,	1,	'tom@sport.cz',	'a4981f756a',	NULL,	'male',	'Tomáš',	'Cv',	1),
(93,	1,	'kub@sport.cz',	'20a1092bd1',	NULL,	'male',	'Michal',	'Ku',	1),
(94,	1,	'cas@sport.cz',	'e97481617b',	NULL,	'male',	'Roman',	'Čá',	1),
(95,	1,	'jam@sport.cz',	'ae09a6858a',	NULL,	'male',	'Milan',	'Ja',	1),
(96,	1,	'cap@sport.cz',	'b7349619fd',	NULL,	'male',	'jaroslav',	'ča',	1),
(97,	1,	'mil@sport.cz',	'9b3381c124',	NULL,	'male',	'Milan',	'Da',	1),
(98,	1,	'mar@sport.cz',	'b4a3fecd14',	NULL,	'male',	'Martin',	'So',	1),
(99,	1,	'jru@sport.cz',	'c8e8d5421e',	NULL,	'male',	'Jaroslav',	'Ru',	1),
(100,	1,	'jan@sport.cz',	'66ff5874f9',	NULL,	'female',	'Jana',	'Ma',	1),
(101,	1,	'thh@sport.cz',	'50a79558e1',	NULL,	'male',	'Tomáš',	'Ho',	1),
(102,	1,	'pav@sport.cz',	'd975f5d9b7',	NULL,	'male',	'Pavel',	'St',	1),
(103,	1,	'pet@sport.cz',	'8dcaf60b9f',	NULL,	'male',	'Petr',	'Ja',	1),
(104,	1,	'sib@sport.cz',	'29a0dc09f7',	NULL,	'male',	'Radoslav',	'Ší',	1),
(105,	1,	'mic@sport.cz',	'8558da1be0',	NULL,	'male',	'Michal',	'Bi',	1),
(106,	1,	'sva@sport.cz',	'709dbc3a07',	'',	'male',	'Svatopluk',	'Ši',	1),
(107,	1,	'jan@sport.cz',	'2100439773',	NULL,	'male',	'Jan',	'Ko',	1),
(108,	1,	'pav@sport.cz',	'e903aab706',	NULL,	'male',	'Pavel',	'Du',	1),
(109,	1,	'Pet@sport.cz',	'bd661e225b',	NULL,	'male',	'Jakub',	'Pe',	1),
(110,	1,	'aaa@sport.cz',	'38950829a2',	NULL,	'female',	'eva',	'be',	1),
(111,	1,	'mac@sport.cz',	'6c993e5918',	NULL,	'male',	'Lukáš',	'Ma',	1),
(112,	1,	'kal@sport.cz',	'e2d9839598',	NULL,	'male',	'Petr',	'Ka',	1),
(113,	1,	'cri@sport.cz',	'ea8cb11038',	NULL,	'male',	'Martin',	'Ja',	1),
(115,	1,	'cas@sport.cz',	'31f273e679',	NULL,	'male',	'Michal',	'Ka',	1),
(116,	1,	'zac@sport.cz',	'109b984d3e',	NULL,	'female',	'Martina',	'Žá',	1),
(117,	1,	'mon@sport.cz',	'1b9e186ba8',	NULL,	'male',	'Mirosalv',	'Bá',	1),
(118,	1,	'pal@sport.cz',	'74f29c3fa7',	NULL,	'male',	'Jan',	'Pa',	1),
(119,	1,	'zon@sport.cz',	'ea0ff70c4f',	NULL,	'male',	'Jan',	'Zo',	1),
(120,	1,	'ota@sport.cz',	'3ae1ffc85f',	NULL,	'male',	'Jiří',	'Br',	1),
(121,	1,	'13r@sport.cz',	'4a1d6b0ea7',	NULL,	'male',	'Aleš',	'Za',	1),
(122,	1,	'lad@sport.cz',	'541a93e91a',	NULL,	'male',	'Ladislav',	'Ko',	1),
(124,	1,	'ktm@sport.cz',	'4337d898cd',	NULL,	'male',	'Vlastimil',	'St',	1),
(125,	1,	'luk@sport.cz',	'bd866b4c38',	NULL,	'male',	'Lukáš',	'Fe',	1),
(126,	1,	'tom@sport.cz',	'd9550970dd',	NULL,	'male',	'Tomáš',	'Pa',	1),
(127,	1,	'mpa@sport.cz',	'f057ff1b91',	NULL,	'male',	'Miroslav',	'Pa',	2),
(128,	1,	'ski@sport.cz',	'10a953dcc6',	NULL,	'male',	'Petr',	'Sk',	1),
(129,	1,	'hon@sport.cz',	'4a4fbe825b',	NULL,	'male',	'Jan',	'Gr',	1),
(130,	1,	'mar@sport.cz',	'dc36a48b9a',	NULL,	'male',	'Martin',	'Ze',	1),
(131,	1,	'pav@sport.cz',	'679093b1f3',	NULL,	'male',	'Pavel',	'Ši',	1),
(132,	1,	'hol@sport.cz',	'5ff206a487',	NULL,	'male',	'Bohumil',	'Ho',	1),
(133,	1,	'jur@sport.cz',	'0d13027658',	NULL,	'male',	'roman',	'ju',	1),
(134,	1,	'a.d@sport.cz',	'3898994d5a',	NULL,	'female',	'Andrea',	'De',	2),
(135,	1,	'mar@sport.cz',	'661aa07233',	NULL,	'male',	'Marek',	'He',	1),
(136,	1,	'vlh@sport.cz',	'd31e7ab0c3',	NULL,	'male',	'Ondřej',	'He',	1),
(137,	1,	'jur@sport.cz',	'4248dd1a7a',	NULL,	'male',	'Jiří',	'Vr',	1),
(138,	1,	'xtr@sport.cz',	'93bca7bc99',	NULL,	'male',	'Martin',	'Za',	1),
(139,	1,	'mat@sport.cz',	'7823b4f0f6',	NULL,	'male',	'Michal',	'Ba',	1),
(140,	1,	'pet@sport.cz',	'd886db024b',	NULL,	'female',	'Hana',	'Pe',	1),
(141,	1,	'bik@sport.cz',	'4b172c2728',	NULL,	'male',	'Oto',	'Mi',	1),
(142,	1,	'paj@sport.cz',	'2da2add629',	NULL,	'male',	'Jan',	'Ha',	1),
(143,	1,	'elo@sport.cz',	'e5c13feabe',	NULL,	'male',	'Elo',	'Po',	2),
(144,	1,	'mic@sport.cz',	'26bc74cbf5',	NULL,	'male',	'Michal',	'Če',	1),
(145,	1,	'dav@sport.cz',	'b5e86b79da',	NULL,	'male',	'David',	'Jí',	1),
(146,	1,	'sit@sport.cz',	'4cb387a5db',	NULL,	'female',	'Ivana',	'Ši',	1),
(147,	1,	'ste@sport.cz',	'11dd36afa1',	NULL,	'male',	'Štěpán',	'Za',	1),
(148,	1,	'tom@sport.cz',	'36bce76076',	NULL,	'male',	'Tomáš',	'Se',	1),
(149,	1,	'soc@sport.cz',	'f38c2acb07',	NULL,	'male',	'Petr',	'So',	1),
(150,	1,	'sol@sport.cz',	'315b586ee7',	NULL,	'female',	'Martina',	'So',	1),
(151,	1,	'sol@sport.cz',	'69ee0f1ccc',	NULL,	'female',	'Michaela',	'So',	1),
(152,	1,	'kla@sport.cz',	'287e96e362',	NULL,	'female',	'Klára',	'Du',	1),
(153,	1,	'lid@sport.cz',	'4f68cf417d',	NULL,	'female',	'Ludmila',	'Da',	1),
(154,	1,	'dav@sport.cz',	'5d31260ece',	NULL,	'male',	'David',	'Pl',	1),
(155,	1,	'pos@sport.cz',	'c7c1c7e944',	NULL,	'male',	'Radim',	'Po',	1),
(157,	1,	'pos@sport.cz',	'7da2cb0317',	NULL,	'male',	'Štěpán',	'Po',	1),
(158,	1,	'pes@sport.cz',	'f0002d3e93',	NULL,	'male',	'Rostislav',	'Pě',	1),
(159,	1,	'raj@sport.cz',	'5562e8cc7e',	NULL,	'female',	'Lenka',	'Ra',	1),
(160,	1,	'hec@sport.cz',	'47fa57494a',	NULL,	'male',	'Martin',	'He',	1),
(161,	1,	'tom@sport.cz',	'1a25c9267f',	NULL,	'male',	'Tomáš',	'Vš',	1),
(162,	1,	'jan@sport.cz',	'2ecf2166ba',	NULL,	'male',	'Radim',	'Ja',	1),
(163,	1,	'rkn@sport.cz',	'7f0d66a1da',	NULL,	'male',	'Robert',	'Kn',	2),
(164,	1,	'pea@sport.cz',	'626e66ab7f',	NULL,	'female',	'Jana',	'Ši',	1),
(166,	1,	'mic@sport.cz',	'c676495464',	NULL,	'female',	'Jana',	'Ši',	1),
(167,	1,	'lud@sport.cz',	'854e2fd46b',	NULL,	'male',	'Vlastimil',	'Vá',	1),
(168,	1,	'alo@sport.cz',	'bc314f2b3a',	NULL,	'male',	'Alojz',	'Ko',	2),
(169,	1,	'bop@sport.cz',	'45a2548197',	NULL,	'male',	'Robert',	'Pš',	1),
(170,	1,	'jat@sport.cz',	'acf9031e9d',	NULL,	'male',	'Jakub',	'At',	1),
(171,	1,	'p.c@sport.cz',	'e53825ab72',	NULL,	'male',	'Petr',	'Ch',	1),
(172,	1,	'dan@sport.cz',	'12cf389f77',	NULL,	'female',	'Diana',	'Ko',	1),
(173,	1,	'xxl@sport.cz',	'1c9a865588',	NULL,	'male',	'karel',	'sy',	1),
(174,	1,	'maj@sport.cz',	'154823eea8',	NULL,	'male',	'karel',	'sý',	1),
(175,	1,	'tom@sport.cz',	'0b837d0f4b',	NULL,	'male',	'Tomáš',	'Zo',	1),
(176,	1,	'mic@sport.cz',	'e9f8129082',	'',	'male',	'Josef',	'TE',	1),
(177,	1,	'mis@sport.cz',	'1c1945d4e4',	'',	'male',	'Josef',	'Te',	1),
(178,	1,	'mar@sport.cz',	'c60b5758e3',	NULL,	'male',	'Martin',	'Ko',	1),
(179,	1,	'Par@sport.cz',	'e34e70a910',	NULL,	'male',	'Marek',	'Pe',	1),
(180,	1,	'bar@sport.cz',	'75ad5fba62',	NULL,	'male',	'Martin',	'Ba',	1),
(181,	1,	'mac@sport.cz',	'0ce1ac5813',	NULL,	'male',	'Jirka',	'Ma',	1),
(182,	1,	'ond@sport.cz',	'b5c0b0ec5a',	NULL,	'male',	'Ondřej',	'Vo',	1),
(183,	1,	'pet@sport.cz',	'ee68d733f1',	NULL,	'male',	'Peter',	'Mo',	2),
(184,	1,	'nav@sport.cz',	'd23ec08734',	NULL,	'male',	'Tomáš',	'Na',	1),
(185,	1,	'koc@sport.cz',	'7cc8b3b894',	NULL,	'male',	'Jaroslav',	'Ko',	1),
(186,	1,	'rad@sport.cz',	'81c32c4b57',	NULL,	'male',	'Martin',	'Ra',	1),
(187,	1,	'jan@sport.cz',	'ca90962c2c',	'',	'male',	'Jan',	'Če',	1),
(188,	0,	'zak@sport.cz',	'f593233a7d',	'',	'female',	'Marťa',	'Žá',	1),
(189,	1,	'fil@sport.cz',	'3665241fdb',	NULL,	'male',	'Filip',	'Dv',	1),
(190,	1,	'ada@sport.cz',	'cd4ec98e89',	NULL,	'male',	'Adam',	'Ho',	1),
(191,	0,	'mar@sport.cz',	'4c1d7a3567',	'',	'female',	'Martina',	'Žá',	1),
(195,	0,	'jan@sport.cz',	'a1938da566',	'',	'male',	'Jjjj',	'MM',	1),
(196,	1,	'jan@sport.cz',	'e799fc8c48',	'',	'male',	'Svatopluk',	'Ja',	1),
(197,	1,	'jir@sport.cz',	'88ae1d2f10',	'',	'male',	'Jiří',	'Ma',	1),
(198,	1,	'van@sport.cz',	'985ac6a2f8',	'',	'female',	'Lenka',	'Va',	1),
(199,	1,	'mar@sport.cz',	'd4d843e8ab',	'',	'male',	'Martin',	'Fo',	1),
(200,	1,	'vit@sport.cz',	'be37da34b4',	'',	'male',	'Vít',	'Pa',	1),
(201,	1,	'O.F@sport.cz',	'a42d8cd61e',	'',	'male',	'Ondřej',	'Fu',	1),
(202,	1,	'mar@sport.cz',	'67d8019ae6',	'',	'male',	'Marek',	'Pe',	1),
(203,	1,	'jam@sport.cz',	'34a7b67a28',	'',	'male',	'Martin',	'Jo',	1),
(205,	1,	'bar@sport.cz',	'57e7577e56',	'',	'female',	'Jana',	'Ba',	1),
(206,	1,	'ale@sport.cz',	'be081b7b25',	'',	'male',	'Aleš',	'De',	1),
(207,	1,	'ben@sport.cz',	'87d4527fca',	'',	'male',	'Michal',	'Ho',	1),
(209,	1,	'voj@sport.cz',	'adcb79cbcc',	'',	'male',	'Vojtěch',	'Hr',	1),
(210,	1,	'gry@sport.cz',	'3e5db9f57f',	'',	'male',	'Jan',	'Gr',	1),
(211,	1,	'per@sport.cz',	'986cebedd5',	'',	'male',	'Karel',	'Pe',	1),
(212,	1,	'tom@sport.cz',	'3c5b169037',	'',	'male',	'Tomáš',	'Pa',	1),
(213,	1,	'bur@sport.cz',	'c618d9e35a',	'',	'male',	'Vladimír',	'Bu',	1),
(214,	1,	'nec@sport.cz',	'33cb43af95',	'',	'male',	'Michal',	'Ne',	1),
(215,	1,	'jms@sport.cz',	'ee5239685d',	'',	'male',	'Milan',	'Ře',	1),
(216,	1,	'mar@sport.cz',	'820542db3a',	'',	'male',	'Martin',	'Ho',	1),
(217,	1,	'sit@sport.cz',	'd3a4f5636a',	'',	'female',	'Ivana',	'Ši',	1),
(218,	1,	'kor@sport.cz',	'70795275ea',	'',	'male',	'Jaroslav',	'Ko',	1),
(220,	1,	'k.b@sport.cz',	'd3ba4c8037',	'',	'male',	'Karel',	'Ba',	1),
(221,	1,	'inf@sport.cz',	'f928d9f7ae',	'',	'male',	'Jiří',	'Da',	1),
(223,	1,	'bar@sport.cz',	'bab4d09072',	'',	'female',	'Barbora',	'Mi',	1),
(224,	1,	'mar@sport.cz',	'6b23777a50',	'',	'male',	'Marian',	'Re',	1),
(225,	1,	'jir@sport.cz',	'54478a7743',	'',	'male',	'Jiří',	'Ku',	1),
(226,	1,	'bar@sport.cz',	'2f59fd73a6',	'',	'female',	'Barbora',	'Ma',	1),
(228,	1,	'ada@sport.cz',	'f496b33670',	'',	'male',	'Adam',	'Ho',	1),
(229,	1,	'pja@sport.cz',	'0dbb4fa050',	'',	'male',	'Petr',	'Ja',	1),
(230,	1,	'orb@sport.cz',	'fa22d69fa1',	'',	'male',	'Gamba',	'Se',	1),
(231,	1,	'pet@sport.cz',	'1d6c375bb2',	'',	'male',	'Petr',	'Kn',	1),
(232,	1,	'nev@sport.cz',	'feeb39853c',	'',	'male',	'Jinřich',	'Pe',	1),
(234,	1,	'nev@sport.cz',	'aa61337c41',	'',	'female',	'Jarka',	'Ma',	1),
(236,	1,	'nev@sport.cz',	'3014b9b142',	'',	'male',	'Robert',	'Kň',	2),
(240,	1,	'klo@sport.cz',	'3f6d44062b',	NULL,	'male',	'Petr',	'Kl',	1),
(241,	1,	'dra@sport.cz',	'9a356c5fa5',	NULL,	'male',	'Martin',	'Dr',	1),
(242,	1,	'kar@sport.cz',	'8528ca3dec',	'',	'male',	'Karel',	'Ha',	1),
(243,	1,	'boh@sport.cz',	'f61de25a9f',	'',	'female',	'Bohumila',	'Gr',	1),
(244,	1,	'rad@sport.cz',	'c054f22020',	'',	'male',	'Radoslav',	'Ča',	1),
(245,	1,	'rob@sport.cz',	'bb4b453a0d',	NULL,	'male',	'Robert',	'Ko',	1),
(246,	1,	'ara@sport.cz',	'ffdef3ba37',	NULL,	'male',	'Roman',	'Če',	1),
(247,	1,	'lac@sport.cz',	'82c4e431a5',	NULL,	'male',	'Lukáš',	'Ja',	1),
(248,	1,	'lbo@sport.cz',	'e52665ee60',	NULL,	'female',	'Lauren',	'Bo',	1),
(249,	1,	'pam@sport.cz',	'80bf8f1209',	NULL,	'male',	'Pavel',	'Ma',	1),
(250,	1,	'zvo@sport.cz',	'e334ebaf99',	NULL,	'male',	'Ladislav',	'Zv',	1),
(251,	1,	'pet@sport.cz',	'2a1d88d5b0',	NULL,	'female',	'Petra',	'Bu',	1),
(252,	1,	'pet@sport.cz',	'd635384736',	NULL,	'male',	'Petr',	'Jo',	1),
(253,	1,	'jok@sport.cz',	'75ea3e0134',	NULL,	'male',	'Milan',	'Ju',	1),
(254,	1,	'hub@sport.cz',	'7c7149067d',	NULL,	'male',	'Hubert',	'Ku',	1),
(255,	1,	'mar@sport.cz',	'87ca136867',	NULL,	'male',	'Marek',	'Jo',	1),
(256,	1,	'ja.@sport.cz',	'32585502c3',	NULL,	'male',	'Jaroslav',	'Ma',	1),
(257,	1,	'dul@sport.cz',	'1bfbf6dba8',	NULL,	'male',	'Viťas',	'Du',	1),
(258,	1,	'pzc@sport.cz',	'da86cc646f',	NULL,	'male',	'Pavel',	'Zi',	1),
(260,	1,	'ian@sport.cz',	'29ed36c2f4',	NULL,	'female',	'Andrea',	'Id',	1),
(261,	1,	'dak@sport.cz',	'73e073dbdb',	NULL,	'male',	'Karel',	'Da',	1),
(262,	1,	'Mat@sport.cz',	'355eaac470',	NULL,	'male',	'Martin',	'Bo',	1),
(263,	1,	'ros@sport.cz',	'02eeca15b5',	NULL,	'male',	'Rostislav',	'Ul',	1),
(264,	1,	'mar@sport.cz',	'ba3c090e26',	NULL,	'male',	'Marek',	'Hr',	1),
(265,	1,	'kon@sport.cz',	'b8f41b2f7a',	NULL,	'male',	'Ondřej',	'Ko',	1),
(266,	1,	'mka@sport.cz',	'494a8a234c',	NULL,	'male',	'Michal',	'Ka',	1),
(267,	1,	'mar@sport.cz',	'd79c87d231',	NULL,	'male',	'Maarek',	'Ur',	1),
(268,	1,	'pel@sport.cz',	'3881c93c49',	NULL,	'male',	'Martin',	'Ma',	1),
(270,	1,	'hon@sport.cz',	'ea50c58621',	NULL,	'male',	'Jan',	'Zo',	1),
(271,	1,	'pen@sport.cz',	'ef4b1e4f45',	NULL,	'male',	'Jiří',	'Pe',	1),
(272,	1,	'pav@sport.cz',	'dead050105',	NULL,	'male',	'Pavel',	'Št',	1),
(273,	1,	'j.h@sport.cz',	'4c059a0d0a',	NULL,	'male',	'Jiří',	'Hu',	1),
(274,	1,	'jar@sport.cz',	'd2ac1b9834',	NULL,	'male',	'Jarek',	'Ka',	1),
(275,	1,	'tom@sport.cz',	'020da5a4e4',	NULL,	'male',	'Tomas',	'Mr',	1),
(276,	1,	'sva@sport.cz',	'e251055b89',	NULL,	'male',	'Luděk',	'Sv',	1),
(277,	1,	'tkn@sport.cz',	'637f7f6a11',	NULL,	'male',	'Tomáš',	'Kn',	1),
(278,	1,	'pet@sport.cz',	'586288e6f6',	NULL,	'female',	'Petra',	'Ví',	1),
(279,	1,	'mon@sport.cz',	'd7d0f0ef88',	NULL,	'female',	'Monika',	'Ha',	1),
(280,	1,	'mac@sport.cz',	'bf01fc2352',	NULL,	'female',	'Marcela',	'Hr',	1),
(281,	1,	'm.p@sport.cz',	'59a3b7a697',	NULL,	'male',	'Martin',	'Pa',	1),
(282,	1,	'luk@sport.cz',	'701c605a85',	NULL,	'male',	'Lukáš',	'Vo',	1),
(283,	1,	'sob@sport.cz',	'da59988d5a',	NULL,	'female',	'Kateřina',	'So',	1),
(284,	1,	'her@sport.cz',	'c1c7077466',	NULL,	'male',	'Peter',	'He',	2),
(285,	1,	'rad@sport.cz',	'523f07eca3',	NULL,	'male',	'Radek',	'Ko',	1),
(286,	1,	'har@sport.cz',	'49b8e734dc',	NULL,	'male',	'Karel',	'Ha',	1),
(287,	1,	'krc@sport.cz',	'4a02a6eae2',	NULL,	'male',	'Martin',	'Kr',	1),
(288,	1,	'get@sport.cz',	'6f44252d6d',	NULL,	'male',	'Cesar',	'Be',	6),
(289,	1,	'jir@sport.cz',	'5596cc3d31',	NULL,	'male',	'Jiří',	'Ol',	1),
(290,	1,	'pet@sport.cz',	'5f9ec0f976',	NULL,	'male',	'Petr',	'Za',	1),
(291,	1,	'sis@sport.cz',	'8d2804c1fc',	NULL,	'male',	'Karel',	'Ši',	1),
(292,	1,	'kam@sport.cz',	'd49573bba3',	NULL,	'male',	'Kamil',	'Kl',	1),
(293,	1,	'p.s@sport.cz',	'07bfd4e606',	NULL,	'male',	'Pavel',	'Šv',	1),
(294,	1,	'kar@sport.cz',	'e5ffd0d8a3',	NULL,	'male',	'Karel',	'Dr',	1),
(295,	1,	'Fil@sport.cz',	'8ceb02bc3d',	NULL,	'male',	'Filip',	'Ch',	1),
(296,	1,	'sta@sport.cz',	'bb5af97b40',	NULL,	'male',	'zdeněk',	'br',	1),
(297,	1,	'mas@sport.cz',	'158535a447',	NULL,	'male',	'Peter',	'Ma',	2),
(298,	1,	'm.r@sport.cz',	'31f1eed851',	NULL,	'male',	'Martin',	'Ro',	1),
(299,	1,	'bik@sport.cz',	'a3f8fdd6bf',	NULL,	'male',	'Juraj',	'Ma',	2),
(300,	1,	'tom@sport.cz',	'8e377708b3',	NULL,	'male',	'tomas',	'ch',	1),
(301,	1,	'lko@sport.cz',	'00ac994371',	NULL,	'female',	'Lucie',	'Ko',	1),
(302,	1,	'k.s@sport.cz',	'4a214668f7',	NULL,	'female',	'Kristýna',	'Sk',	1),
(303,	1,	'pet@sport.cz',	'daf5e76302',	NULL,	'male',	'Petr',	'Kř',	1),
(304,	1,	'ond@sport.cz',	'd5b09bfbdd',	NULL,	'male',	'Ondřej',	'Pa',	1),
(305,	1,	'sop@sport.cz',	'9945c4d7b8',	NULL,	'male',	'Vítězslav',	'Šo',	1),
(306,	1,	'mic@sport.cz',	'f216142705',	NULL,	'male',	'Zdeněk',	'Mi',	1),
(307,	1,	'eda@sport.cz',	'f550158f3f',	NULL,	'male',	'Eduard',	'Lu',	1),
(308,	1,	'lud@sport.cz',	'e2eb2b53ef',	NULL,	'male',	'Ludek',	'Je',	1),
(309,	1,	'slo@sport.cz',	'4de29ecc69',	NULL,	'male',	'Josef',	'Sl',	1),
(310,	1,	'mmm@sport.cz',	'aa5ea12dc7',	NULL,	'male',	'Michal',	'Ma',	1),
(311,	1,	'ber@sport.cz',	'942f49826f',	NULL,	'female',	'Edita',	'Fi',	1),
(312,	1,	'hla@sport.cz',	'8194eb5a71',	NULL,	'male',	'Tomáš',	'Hl',	1),
(313,	1,	'rob@sport.cz',	'd47cc372d3',	NULL,	'male',	'Robert',	'Ši',	1),
(314,	1,	'bla@sport.cz',	'babe18dda4',	NULL,	'male',	'Pavel',	'Mi',	1),
(315,	1,	'ovy@sport.cz',	'cdeface7f4',	'',	'male',	'Filip',	'Wi',	1),
(316,	1,	'kum@sport.cz',	'f6bdd4999b',	NULL,	'male',	'Jaromír',	'Lo',	1),
(317,	1,	'peb@sport.cz',	'43b95cc2b5',	NULL,	'male',	'Petr',	'Bí',	1),
(318,	1,	'aja@sport.cz',	'127bf21d7d',	NULL,	'female',	'Andrea',	'Ja',	1),
(319,	1,	'dil@sport.cz',	'bbcc43aeb2',	NULL,	'male',	'Ivo',	'Pi',	1),
(320,	1,	'cat@sport.cz',	'5a5f7e1cf5',	NULL,	'male',	'Jesús',	'Pé',	1),
(321,	1,	'ato@sport.cz',	'7c83621ce6',	NULL,	'male',	'Vlastik',	'Kr',	1),
(325,	1,	'orb@sport.cz',	'bfba152c66',	NULL,	'male',	'Gamba',	'Se',	1),
(326,	1,	'ada@sport.cz',	'd5b8583454',	NULL,	'female',	'Adéla',	'St',	1),
(329,	1,	'bla@sport.cz',	'78cb494e5e',	NULL,	'male',	'Aleš',	'De',	1),
(330,	1,	'dav@sport.cz',	'7bda35de25',	NULL,	'male',	'David',	'Sc',	1),
(331,	1,	'tim@sport.cz',	'7a837804b1',	NULL,	'male',	'Tim',	'Va',	1),
(333,	1,	'pav@sport.cz',	'34bf0e8f7c',	NULL,	'male',	'Pavel',	'Ba',	1),
(334,	1,	'sbo@sport.cz',	'b7320246b2',	NULL,	'male',	'Marek',	'Ka',	1),
(335,	1,	'jir@sport.cz',	'1568cc8be6',	NULL,	'male',	'Jiří',	'Mi',	1),
(336,	1,	'fil@sport.cz',	'1cfeeae0ab',	NULL,	'male',	'Filip',	'Sv',	1),
(337,	1,	'jir@sport.cz',	'954809f6e6',	NULL,	'male',	'Jiří',	'Če',	1),
(338,	1,	'ods@sport.cz',	'ac5f8502e7',	NULL,	'male',	'David',	'Od',	1),
(339,	1,	'dva@sport.cz',	'3b0c49c1b0',	NULL,	'male',	'Martin',	'Pe',	1),
(340,	1,	'boh@sport.cz',	'dd44e522cb',	NULL,	'male',	'Lukáš',	'Bo',	1),
(341,	1,	'kom@sport.cz',	'e0344d960f',	NULL,	'male',	'Bohuslav',	'Ko',	1),
(342,	1,	'tom@sport.cz',	'f91f5dba27',	NULL,	'male',	'Tomáš',	'Je',	1),
(343,	1,	'trn@sport.cz',	'8879177d54',	NULL,	'female',	'Denisa',	'Tr',	1),
(344,	1,	'len@sport.cz',	'fb95a46c04',	NULL,	'female',	'Lenka',	'Je',	2),
(345,	1,	'mil@sport.cz',	'b4d6b07439',	NULL,	'male',	'Milan',	'Va',	1),
(346,	1,	'pet@sport.cz',	'494f1ded22',	NULL,	'female',	'Petra',	'Št',	1),
(347,	1,	'pav@sport.cz',	'2da2c48daf',	NULL,	'female',	'Pavlina',	'Ju',	1),
(348,	1,	'jar@sport.cz',	'4a3834e93a',	NULL,	'male',	'Jaromír',	'Vo',	1),
(349,	1,	'gaz@sport.cz',	'c1bf03fe56',	NULL,	'male',	'Tomáš',	'Ga',	1),
(350,	1,	'kub@sport.cz',	'10039227ea',	NULL,	'male',	'Jakub',	'Ab',	1),
(351,	1,	'pet@sport.cz',	'd2393509c5',	NULL,	'male',	'Petr',	'Sk',	1),
(352,	1,	'ctv@sport.cz',	'd01802cbc0',	NULL,	'male',	'Jaroslav',	'Čt',	1),
(353,	1,	'jir@sport.cz',	'9eb95a0d41',	NULL,	'male',	'Jiří',	'Ši',	1),
(354,	1,	'cho@sport.cz',	'6bde958edb',	NULL,	'female',	'Kateřina',	'Kr',	1),
(355,	1,	'cho@sport.cz',	'7919d3f4c2',	NULL,	'male',	'Petr',	'Ch',	1),
(356,	1,	'mic@sport.cz',	'513cd250b2',	NULL,	'male',	'Michal',	'Hý',	1),
(357,	1,	'dan@sport.cz',	'22ec284d11',	NULL,	'male',	'Daniel',	'Ho',	1),
(359,	1,	'BUB@sport.cz',	'26b01ff2d3',	NULL,	'male',	'Petr',	'Ja',	1),
(360,	1,	'ric@sport.cz',	'8570ba4485',	NULL,	'male',	'Richard',	'Še',	1),
(361,	1,	'mic@sport.cz',	'62ed25fbfb',	NULL,	'male',	'michal',	'ko',	1),
(362,	1,	'dur@sport.cz',	'5dbbe60b7e',	NULL,	'male',	'Jiří',	'Du',	1),
(363,	1,	'm.k@sport.cz',	'daa90a6e13',	NULL,	'male',	'Michal',	'Ko',	1),
(364,	1,	'jir@sport.cz',	'abd96d28f0',	NULL,	'male',	'Jiří',	'Do',	1),
(365,	1,	'jan@sport.cz',	'2256ec053e',	NULL,	'female',	'Jana',	'Ko',	1),
(366,	1,	'kra@sport.cz',	'16801d0a2a',	NULL,	'male',	'Tomáš',	'Kr',	1),
(367,	1,	'gab@sport.cz',	'c96b3439c3',	NULL,	'male',	'Roman',	'Ga',	1),
(368,	1,	'jan@sport.cz',	'60ad66e8e7',	NULL,	'female',	'Veronika',	'Ja',	1),
(369,	1,	'vla@sport.cz',	'c50fe4ddce',	NULL,	'male',	'Vladimír',	'Bu',	1),
(370,	1,	'yde@sport.cz',	'452379725c',	NULL,	'male',	'Ydenek',	'Ho',	1),
(371,	1,	'kad@sport.cz',	'69f9aeb8cd',	NULL,	'female',	'Šárka',	'Ka',	1),
(373,	1,	'd.p@sport.cz',	'8a6935c6da',	NULL,	'male',	'David',	'Po',	1),
(374,	1,	'tka@sport.cz',	'69f92ada32',	NULL,	'male',	'Daniel',	'Tk',	1),
(375,	1,	'luk@sport.cz',	'e6be615a45',	NULL,	'male',	'Luděk',	'Pa',	1),
(376,	1,	'zbi@sport.cz',	'e993051ae9',	NULL,	'male',	'Zbyněk',	'Št',	1),
(377,	1,	'j.p@sport.cz',	'5ea139b679',	NULL,	'male',	'Jiří',	'Pi',	1),
(378,	1,	'mad@sport.cz',	'46707d0157',	NULL,	'male',	'Pavel',	'Má',	1),
(379,	1,	'pet@sport.cz',	'eab328c50f',	NULL,	'male',	'Petr',	'Ko',	1),
(380,	1,	'ond@sport.cz',	'c9880929ee',	NULL,	'male',	'Radek',	'On',	1),
(381,	1,	'nbs@sport.cz',	'c4ddde74c4',	NULL,	'male',	'Jakub',	'Pa',	1),
(382,	1,	'pro@sport.cz',	'5ce45c7670',	NULL,	'male',	'Jan',	'Pr',	1),
(383,	1,	'sva@sport.cz',	'8bf929e02f',	NULL,	'female',	'Lucie',	'Sv',	1),
(384,	1,	'mar@sport.cz',	'3107a9c5d1',	NULL,	'male',	'Martin',	'Iš',	2),
(385,	1,	'jan@sport.cz',	'a97f9eaa12',	NULL,	'male',	'Jan',	'Ta',	1),
(386,	1,	'bla@sport.cz',	'958e684bbb',	NULL,	'male',	'Bogdan',	'La',	1),
(387,	1,	'for@sport.cz',	'18d41793e7',	NULL,	'male',	'Luboš',	'Mi',	2),
(388,	1,	'kol@sport.cz',	'a308ec869e',	NULL,	'female',	'Libor',	'Ko',	1),
(389,	1,	'pet@sport.cz',	'c87b5017cd',	NULL,	'male',	'Petr',	'To',	1),
(390,	1,	'pom@sport.cz',	'8e2a26b53f',	NULL,	'male',	'Michal',	'Go',	1),
(391,	1,	'R.V@sport.cz',	'ded18ba622',	NULL,	'male',	'Richard',	'Vi',	1),
(392,	1,	'jol@sport.cz',	'4c0c6a592e',	NULL,	'female',	'Jolana',	'Vá',	1),
(393,	0,	' 39@sport.cz',	'f83fb1d6d3',	NULL,	'female',	'ja',	'ja',	1),
(395,	1,	'mar@sport.cz',	'67ed27d6be',	NULL,	'male',	'Martin',	'Vl',	1),
(397,	1,	'orn@sport.cz',	'2cc132309e',	NULL,	'male',	'Zdeněk',	'Or',	1),
(398,	1,	'kun@sport.cz',	'efb5f30194',	NULL,	'male',	'Pavel',	'Ku',	1),
(399,	1,	'hol@sport.cz',	'c6eb871c67',	NULL,	'male',	'Nitzan',	'Ho',	1),
(400,	1,	'dre@sport.cz',	'17218bd90f',	NULL,	'female',	'Eva',	'Dr',	1),
(401,	1,	'dol@sport.cz',	'eb9355b985',	NULL,	'male',	'Martin',	'Do',	1),
(402,	1,	'rom@sport.cz',	'baf7b170e6',	NULL,	'male',	'Roman',	'Vá',	1),
(403,	1,	'sku@sport.cz',	'68eea5e081',	NULL,	'male',	'david',	'sk',	1),
(404,	1,	'Atl@sport.cz',	'c2c879b104',	NULL,	'female',	'Vendula',	'Ma',	1),
(405,	1,	'aii@sport.cz',	'ac031c66e5',	NULL,	'male',	'Adam',	'Kr',	1),
(406,	1,	'mic@sport.cz',	'f1dadd2a09',	NULL,	'male',	'Michal',	'Žá',	1),
(407,	1,	'rob@sport.cz',	'9cb2b4f8ac',	NULL,	'male',	'Robert',	'Va',	1),
(408,	1,	'lja@sport.cz',	'00403a9ee1',	NULL,	'female',	'Lucie',	'Tr',	1),
(409,	1,	'puj@sport.cz',	'16520b4284',	NULL,	'male',	'Pavel',	'Bu',	1),
(410,	1,	'kad@sport.cz',	'141b60520b',	NULL,	'male',	'Martin',	'Ka',	1),
(411,	0,	' 41@sport.cz',	'020323000f',	'',	'female',	'Test',	'Te',	1),
(412,	0,	'nic@sport.cz',	'eb96932c85',	'',	'male',	'Test',	'Te',	1),
(414,	0,	'nic@sport.cz',	'1cdbf28b30',	'',	'female',	'OK',	'KO',	1),
(415,	1,	'pre@sport.cz',	'ad30ef1a4e',	NULL,	'male',	'Přemysl',	'Zl',	1),
(416,	1,	'saw@sport.cz',	'53ad9e5b0f',	NULL,	'male',	'Matej',	'Mo',	2),
(417,	1,	'zap@sport.cz',	'6af4bc652d',	NULL,	'male',	'Miroslav',	'Zá',	1),
(418,	1,	'pmk@sport.cz',	'579937733d',	NULL,	'male',	'Martin',	'No',	1),
(419,	1,	'ric@sport.cz',	'1dc614d86c',	NULL,	'male',	'Richard',	'Ka',	1),
(420,	1,	'SVO@sport.cz',	'8a30956df5',	NULL,	'male',	'Martin',	'Sv',	1),
(421,	1,	'luk@sport.cz',	'678ee95ae2',	NULL,	'male',	'Lukas',	'Ja',	1),
(422,	1,	'jhe@sport.cz',	'401ad4c5c9',	NULL,	'female',	'Jana',	'Va',	1),
(423,	1,	'elb@sport.cz',	'103ad2b4a8',	NULL,	'male',	'Roman',	'El',	1),
(424,	1,	'dyj@sport.cz',	'9e3ea689aa',	NULL,	'male',	'Richard',	'Dy',	1),
(425,	1,	'pet@sport.cz',	'9371a8b0ca',	NULL,	'male',	'Petr',	'Ši',	1),
(428,	1,	'tom@sport.cz',	'49cf9274ec',	NULL,	'male',	'Tomáš',	'Pa',	1),
(430,	1,	'lib@sport.cz',	'9d2aa60c7e',	NULL,	'male',	'Libor',	'Vo',	1),
(431,	1,	'dan@sport.cz',	'cc747610df',	NULL,	'male',	'Daniel',	'Vá',	1),
(432,	1,	'vkr@sport.cz',	'b03af32801',	NULL,	'male',	'Matěj',	'Kř',	1),
(433,	1,	NULL,	'4235826cb1',	NULL,	'male',	'Martin',	'Ka',	1),
(434,	1,	NULL,	'ba6e8bd6b9',	NULL,	'male',	'Tomáš',	'Sm',	1),
(435,	1,	'pet@sport.cz',	'278e84a576',	NULL,	'female',	'Petra',	'Hr',	1),
(437,	1,	'r.r@sport.cz',	'9c871c995b',	NULL,	'male',	'Radoslav',	'Ra',	1),
(438,	1,	'pal@sport.cz',	'8f51d227dd',	NULL,	'male',	'Pavel',	'Pa',	1),
(439,	1,	'roz@sport.cz',	'3949d989f6',	NULL,	'male',	'Jiří',	'Ro',	1),
(440,	1,	'the@sport.cz',	'22d53923bf',	NULL,	'male',	'Jan',	'Sa',	1),
(441,	1,	'spa@sport.cz',	'9accb2618a',	NULL,	'male',	'Vladimír',	'Pr',	1),
(442,	1,	'vit@sport.cz',	'6f601581ca',	NULL,	'male',	'Vít',	'Pr',	1),
(443,	1,	'mic@sport.cz',	'dac796dabc',	NULL,	'male',	'Michal',	'Am',	1),
(444,	1,	'jir@sport.cz',	'61cfaa8472',	NULL,	'male',	'Jiří',	'Ba',	1),
(445,	1,	'mir@sport.cz',	'a7756e34e6',	NULL,	'male',	'Miroslav',	'Ob',	1),
(446,	1,	'jam@sport.cz',	'10f2c032fa',	NULL,	'male',	'Martin',	'Jo',	1),
(447,	1,	'haj@sport.cz',	'4d806cbb2e',	NULL,	'male',	'Adam',	'Há',	1),
(448,	1,	'rom@sport.cz',	'59158beb6a',	NULL,	'male',	'roman',	'mi',	1),
(449,	1,	'ive@sport.cz',	'0a67936d9c',	NULL,	'female',	'Iveta',	'Ko',	1),
(450,	1,	'Mar@sport.cz',	'6beb658151',	NULL,	'male',	'Martin',	'Or',	1),
(451,	1,	'mar@sport.cz',	'1b43153966',	NULL,	'male',	'Marian',	'Po',	2),
(453,	1,	'hen@sport.cz',	'3b2872f4ec',	NULL,	'female',	'Henrieta',	'Po',	2),
(454,	1,	'dav@sport.cz',	'7ee9214eb6',	NULL,	'male',	'David',	'Má',	1),
(455,	1,	'mar@sport.cz',	'34160d4cc9',	NULL,	'male',	'Martin',	'Žá',	1),
(456,	1,	'coc@sport.cz',	'3e45819a3f',	NULL,	'male',	'Lukáš',	'Vá',	1),
(457,	1,	'tom@sport.cz',	'08b897b62c',	NULL,	'male',	'Tomáš',	'Mi',	1),
(458,	1,	'hyn@sport.cz',	'48f1032afa',	NULL,	'male',	'Hynek',	'Šv',	1),
(459,	1,	'hra@sport.cz',	'304fafa9a8',	NULL,	'male',	'Ladislav',	'Hr',	1),
(460,	1,	'ska@sport.cz',	'dbe9493ba4',	NULL,	'male',	'PAVEL',	'SK',	1),
(461,	1,	'vav@sport.cz',	'95107700ae',	NULL,	'male',	'Jiří',	'Va',	1),
(462,	1,	'ond@sport.cz',	'1a0ce3f9f0',	NULL,	'male',	'Ondřej',	'Ko',	1),
(463,	1,	'jar@sport.cz',	'd637d1aee6',	NULL,	'male',	'Jaroslav',	'Zd',	1),
(464,	1,	'luk@sport.cz',	'069eef6fe5',	NULL,	'male',	'Lukáš',	'Ro',	1),
(465,	1,	'bal@sport.cz',	'c10615e4e5',	NULL,	'male',	'Martin',	'Ba',	1),
(466,	1,	'jan@sport.cz',	'4ebfe809f2',	NULL,	'male',	'Jan',	'Bř',	1),
(467,	1,	'mir@sport.cz',	'5861062e38',	NULL,	'male',	'Miroslav',	'Ha',	1),
(468,	1,	'mas@sport.cz',	'cfc4cf0308',	NULL,	'male',	'peter',	'ma',	2),
(469,	1,	'obr@sport.cz',	'6b325c4f3c',	NULL,	'male',	'Pavel',	'Ob',	1),
(470,	1,	'jan@sport.cz',	'2d6f1d3157',	NULL,	'male',	'Jan',	'Dř',	1),
(471,	1,	'mar@sport.cz',	'dcf923a38d',	NULL,	'male',	'Martin',	'Bl',	1),
(472,	1,	'tom@sport.cz',	'7b917e7e4d',	NULL,	'male',	'Tomáš',	'Bo',	1),
(473,	1,	'eli@sport.cz',	'043226426d',	NULL,	'female',	'Eliška',	'Gá',	2),
(474,	1,	'gal@sport.cz',	'f35ecf2df0',	NULL,	'male',	'Miroslav',	'Ga',	1),
(475,	1,	'KAD@sport.cz',	'87c72ff7e0',	NULL,	'male',	'Michal',	'Ka',	1),
(476,	1,	'mar@sport.cz',	'0a07b98f96',	NULL,	'male',	'Martin',	'So',	1),
(477,	1,	'bla@sport.cz',	'37dbec0471',	NULL,	'male',	'Karel',	'Bl',	1),
(478,	1,	'pet@sport.cz',	'ecd3b7610b',	NULL,	'male',	'Petr',	'Si',	1),
(479,	1,	'kop@sport.cz',	'717065d3a2',	NULL,	'male',	'Štěpán',	'Ko',	1),
(480,	1,	'rob@sport.cz',	'cff1e626ad',	NULL,	'male',	'Robert',	'St',	1),
(481,	0,	' 48@sport.cz',	'e959c23385',	NULL,	'male',	'Test',	'He',	6),
(482,	1,	'ema@sport.cz',	'7d3ed08387',	NULL,	'male',	'Petr',	'Sa',	1),
(483,	0,	'tes@sport.cz',	'f854deef28',	NULL,	'male',	'Test',	'Te',	1),
(484,	1,	'mic@sport.cz',	'ca227bb007',	NULL,	'male',	'zdenek',	'mi',	1),
(485,	1,	NULL,	'dea03d541d',	NULL,	'male',	'Vlastimil',	'Bu',	1),
(486,	1,	NULL,	'4eed857842',	NULL,	'male',	'Martin',	'Od',	1),
(487,	1,	'D.S@sport.cz',	'1b60432f83',	NULL,	'female',	'Daniela',	'Sc',	1),
(488,	1,	'l.m@sport.cz',	'0989141510',	NULL,	'male',	'Libor',	'Ma',	1),
(489,	1,	'zap@sport.cz',	'ca18a8036e',	NULL,	'male',	'Viktor',	'Za',	1),
(490,	1,	'mic@sport.cz',	'fec0e1f124',	NULL,	'male',	'Michal',	'Po',	1),
(491,	1,	'olg@sport.cz',	'0dc9d02a84',	NULL,	'female',	'Olga',	'Am',	1),
(493,	1,	'mar@sport.cz',	'795e00f722',	NULL,	'female',	'Margaret',	'Ga',	2),
(494,	1,	'ale@sport.cz',	'a601643b4d',	NULL,	'female',	'Alena',	'Fi',	1),
(495,	1,	'dan@sport.cz',	'b82d400bd5',	NULL,	'male',	'Daniel',	'Ho',	1),
(496,	1,	'iva@sport.cz',	'bb1c281594',	NULL,	'female',	'Iva',	'Gr',	1),
(497,	1,	'mir@sport.cz',	'd9709ca3ea',	NULL,	'male',	'Miroslav',	'Mo',	2),
(498,	1,	'bra@sport.cz',	'482a2d419b',	NULL,	'male',	'Branislav',	'Fu',	2),
(499,	1,	'por@sport.cz',	'f9318b3098',	NULL,	'male',	'Robert',	'Po',	1),
(500,	1,	'mac@sport.cz',	'c78c2fecb2',	NULL,	'male',	'Petr',	'Ve',	1),
(501,	1,	'mrk@sport.cz',	'b14e2e9665',	NULL,	'male',	'Marek',	'Kr',	1),
(502,	1,	'nov@sport.cz',	'ce214be45c',	NULL,	'male',	'Petr',	'No',	1),
(503,	1,	'jir@sport.cz',	'5d192d6605',	NULL,	'male',	'jiří',	'ke',	1),
(504,	1,	'm.k@sport.cz',	'667eeb5e4f',	NULL,	'male',	'Michal',	'Kl',	1),
(505,	1,	'pet@sport.cz',	'3680468263',	NULL,	'male',	'Petr',	'Po',	1),
(506,	1,	'm.p@sport.cz',	'34a8e59bb6',	NULL,	'male',	'Martin',	'Pr',	1),
(507,	1,	'jir@sport.cz',	'0a2180bbff',	NULL,	'male',	'Jiří',	'Wo',	1),
(508,	1,	'pep@sport.cz',	'46f0d29c12',	NULL,	'male',	'Josef',	'Zá',	1),
(509,	1,	'dav@sport.cz',	'61a5c77878',	NULL,	'female',	'Helga',	'Da',	1),
(510,	1,	'zem@sport.cz',	'9f270f1c3a',	NULL,	'male',	'michal',	'ze',	1),
(511,	1,	'jir@sport.cz',	'f13602f9e7',	NULL,	'male',	'Jiří',	'Ba',	1),
(512,	1,	'lap@sport.cz',	'775ad1eedd',	NULL,	'male',	'Ladislav',	'Pa',	1),
(513,	1,	'vla@sport.cz',	'3290b44e58',	NULL,	'male',	'Vlastimil',	'Go',	1),
(514,	1,	'rad@sport.cz',	'ed3cbd4571',	NULL,	'female',	'Radka',	'Ma',	1),
(515,	1,	'rad@sport.cz',	'10e8d3037c',	NULL,	'male',	'Radek',	'Ho',	1),
(516,	1,	'fil@sport.cz',	'1fdeee4777',	NULL,	'male',	'Filip',	'Ře',	1),
(517,	1,	'inv@sport.cz',	'82901448f8',	NULL,	'male',	'Roman',	'Ře',	1),
(518,	1,	'kam@sport.cz',	'a8d6833383',	NULL,	'male',	'Kamil',	'Pa',	1),
(519,	1,	'jar@sport.cz',	'755034738c',	NULL,	'male',	'Jaroslav',	'Mr',	1),
(520,	1,	'muc@sport.cz',	'0e50a26583',	NULL,	'female',	'Adéla',	'St',	1),
(521,	1,	'lul@sport.cz',	'42fc49eb0f',	NULL,	'female',	'Lucie',	'Ma',	1),
(522,	1,	'gab@sport.cz',	'b8b185ee47',	NULL,	'female',	'Gabriela',	'Bá',	1),
(523,	1,	'hyn@sport.cz',	'27b741cb66',	NULL,	'male',	'Hynek',	'Če',	1),
(524,	1,	'sev@sport.cz',	'dad2ec57fd',	NULL,	'male',	'David',	'Se',	1),
(525,	1,	'zal@sport.cz',	'bd18ff265c',	NULL,	'male',	'Štěpán',	'Ža',	1),
(526,	1,	'skr@sport.cz',	'39db4983be',	NULL,	'male',	'Roman',	'Šk',	1),
(527,	1,	'sch@sport.cz',	'ac2394e25a',	NULL,	'male',	'Milan',	'Sc',	1),
(528,	1,	'piv@sport.cz',	'472829f581',	NULL,	'male',	'jiri',	'pi',	1),
(529,	1,	'bar@sport.cz',	'3f6d044eb3',	NULL,	'male',	'Marián',	'Ba',	1),
(530,	1,	'luc@sport.cz',	'76d0b7b75e',	NULL,	'male',	'Lukáš',	'Za',	1),
(531,	1,	'jar@sport.cz',	'2fb148caf6',	NULL,	'male',	'Jaroslav',	'Mi',	1),
(532,	1,	'kon@sport.cz',	'1e3f438cb7',	NULL,	'male',	'Tomáš',	'Ko',	1),
(533,	1,	'ver@sport.cz',	'777a79b692',	NULL,	'female',	'Veronika',	'Ši',	1),
(534,	1,	'mar@sport.cz',	'e31c2b433a',	NULL,	'male',	'Marián',	'Ba',	1),
(535,	1,	'jko@sport.cz',	'38f6213fc2',	NULL,	'female',	'Jitka',	'Ko',	1),
(536,	1,	'pzi@sport.cz',	'8936ce09ed',	NULL,	'male',	'Petr',	'Ži',	1),
(537,	1,	'dan@sport.cz',	'80eebcc478',	NULL,	'male',	'Dan',	'Űb',	1),
(538,	1,	'dav@sport.cz',	'd035be587e',	NULL,	'male',	'David',	'Zm',	1),
(539,	1,	'ian@sport.cz',	'4e6347f890',	NULL,	'male',	'ian',	'to',	1),
(540,	1,	'j.d@sport.cz',	'82928b4f0c',	NULL,	'male',	'Jan',	'Da',	1),
(541,	1,	'dav@sport.cz',	'7d25a4545b',	NULL,	'male',	'David',	'Ba',	1),
(542,	1,	'mar@sport.cz',	'c10b80947a',	NULL,	'male',	'Martin',	'Če',	1),
(543,	1,	'Dlo@sport.cz',	'9c0bf334c2',	NULL,	'male',	'Václav',	'Dl',	1),
(544,	1,	'jan@sport.cz',	'177499bc14',	NULL,	'male',	'Jakub',	'Ja',	1),
(545,	1,	'jev@sport.cz',	'ba19ccb8a6',	NULL,	'male',	'Andrej',	'Du',	1),
(546,	1,	'ald@sport.cz',	'3711ff20b3',	NULL,	'male',	'Aleš',	'Zá',	1),
(547,	1,	'V.M@sport.cz',	'0ef3bcc86b',	NULL,	'male',	'Vladimír',	'Ma',	1),
(548,	1,	'vit@sport.cz',	'09ccc9a048',	NULL,	'male',	'Vítězslav',	'Ka',	1),
(549,	1,	'jir@sport.cz',	'6697804803',	NULL,	'male',	'Jiří',	'Ka',	1),
(550,	1,	'cap@sport.cz',	'331ea9069b',	NULL,	'male',	'Michal',	'Ča',	1),
(551,	1,	'7km@sport.cz',	'eef09f648d',	NULL,	'male',	'Martin',	'Pa',	1),
(552,	1,	'zuz@sport.cz',	'367ee7a0b1',	NULL,	'female',	'Zuzana',	'Ra',	1),
(553,	1,	'lad@sport.cz',	'8ff6dc97e5',	NULL,	'male',	'Tomáš',	'Kr',	1),
(554,	1,	'zuz@sport.cz',	'cf1bd332e7',	NULL,	'female',	'ZUZANA',	'ČE',	1),
(555,	1,	'tom@sport.cz',	'2752868888',	NULL,	'male',	'Tomáš',	'Pe',	1),
(556,	1,	'haj@sport.cz',	'e11a91c043',	NULL,	'male',	'Pavel',	'Há',	1),
(557,	1,	'ble@sport.cz',	'a2f357525d',	NULL,	'male',	'Michal',	'Če',	1),
(558,	1,	'mik@sport.cz',	'177b3cd03f',	NULL,	'male',	'Michal',	'Hy',	1),
(559,	1,	'msm@sport.cz',	'0ad1a69173',	NULL,	'male',	'Michal',	'Hy',	1),
(560,	1,	'dav@sport.cz',	'5597ac870a',	NULL,	'male',	'David',	'Pl',	1),
(561,	1,	'k.r@sport.cz',	'e8178da7f0',	NULL,	'male',	'Kryštof',	'Bo',	1),
(562,	1,	'Kas@sport.cz',	'57ad3f9d0f',	NULL,	'male',	'Ladislav',	'Ka',	1),
(563,	1,	'pav@sport.cz',	'c41abfebd7',	NULL,	'male',	'Radek',	'Pa',	1),
(564,	1,	'avf@sport.cz',	'69f29b197a',	NULL,	'male',	'Petr',	'Ko',	1),
(565,	1,	'iva@sport.cz',	'128e07165c',	NULL,	'female',	'Ivana',	'St',	1),
(566,	1,	'luk@sport.cz',	'dab011ecbe',	NULL,	'male',	'Lukáš',	'Ja',	1),
(567,	1,	'rom@sport.cz',	'abcdc82898',	NULL,	'male',	'Roman',	'Ko',	1),
(568,	1,	'196@sport.cz',	'6f0d419f66',	NULL,	'male',	'Libor',	'Pa',	1),
(569,	1,	'cha@sport.cz',	'7b66cd0584',	NULL,	'male',	'Martin',	'Ch',	1),
(570,	1,	'pob@sport.cz',	'7056b2be75',	NULL,	'male',	'Pavel',	'Po',	1),
(571,	1,	'mic@sport.cz',	'127fa50725',	NULL,	'male',	'MIchal',	'Ku',	1),
(572,	1,	'vsy@sport.cz',	'c3c8ae9a0f',	NULL,	'male',	'Vlastimil',	'Sý',	1),
(573,	1,	'zde@sport.cz',	'f38d68b522',	NULL,	'male',	'Zdeněk',	'Fr',	1),
(574,	1,	'pet@sport.cz',	'a9ab3c1ff0',	NULL,	'male',	'Petr',	'Va',	1),
(575,	1,	'jak@sport.cz',	'978cdf0d85',	NULL,	'male',	'Jakub',	'So',	1),
(576,	1,	'mik@sport.cz',	'9f501bbfc2',	NULL,	'male',	'Richard',	'Mi',	1),
(577,	1,	'eva@sport.cz',	'2badfca34e',	NULL,	'female',	'Eva',	'Šv',	1),
(578,	1,	'dla@sport.cz',	'97c7de6866',	NULL,	'male',	'Radek',	'Dl',	1),
(579,	1,	'hh7@sport.cz',	'd45a9c8b23',	NULL,	'male',	'Marek',	'Hr',	1),
(580,	1,	'bru@sport.cz',	'7540a0d484',	NULL,	'male',	'Pavel',	'Kř',	1),
(581,	1,	'kac@sport.cz',	'316d4289a3',	NULL,	'male',	'Martin',	'Ka',	1),
(582,	1,	'dan@sport.cz',	'8348a49a1e',	NULL,	'male',	'Daniel',	'Ši',	1),
(583,	1,	'fra@sport.cz',	'c9bd62f66d',	NULL,	'male',	'Frantisek',	'Bu',	1),
(584,	1,	'lub@sport.cz',	'5340987d16',	NULL,	'male',	'Lubomír',	'Pi',	1),
(585,	1,	'lud@sport.cz',	'1517b7dcb5',	NULL,	'male',	'Luděk',	'Sc',	1),
(586,	1,	'aut@sport.cz',	'dd7a48253a',	NULL,	'male',	'Patrik',	'Ch',	1),
(587,	1,	'zde@sport.cz',	'024159f1f2',	NULL,	'male',	'Zdeněk',	'Vi',	1),
(588,	1,	'chr@sport.cz',	'43d1280481',	NULL,	'male',	'Richard',	'Ch',	2),
(589,	1,	'gar@sport.cz',	'8f4cebb066',	NULL,	'male',	'Jiří',	'Ši',	1),
(590,	1,	'pet@sport.cz',	'f1795107c3',	NULL,	'male',	'Petr',	'Ma',	1),
(591,	1,	'r.k@sport.cz',	'b2cbd1ce93',	NULL,	'female',	'SABINA',	'KO',	1),
(592,	1,	'Mat@sport.cz',	'8bb2ec93b8',	NULL,	'male',	'Martin',	'Bí',	1),
(593,	1,	'mar@sport.cz',	'be31ebab0a',	NULL,	'male',	'Martin',	'Va',	1),
(594,	1,	'ann@sport.cz',	'c93bb40a53',	NULL,	'female',	'Anna',	'Šm',	1),
(595,	1,	'len@sport.cz',	'd556c8320f',	NULL,	'female',	'Lenka',	'Kr',	1),
(596,	1,	'jre@sport.cz',	'12bce07749',	NULL,	'male',	'Jiří',	'Re',	1),
(597,	1,	'dav@sport.cz',	'82fa9dc86b',	NULL,	'male',	'David',	'Mo',	1),
(598,	1,	'd.n@sport.cz',	'2cd18b9b9f',	NULL,	'male',	'Dusan',	'Na',	1),
(599,	1,	'l.c@sport.cz',	'c2001e14f1',	NULL,	'male',	'LUKÁŠ',	'Ch',	1),
(600,	1,	'fif@sport.cz',	'1c9f56c84b',	NULL,	'male',	'Lukáš',	'Fo',	1),
(601,	1,	'fot@sport.cz',	'98f1b5f5e9',	NULL,	'male',	'Erik',	'Pi',	1),
(602,	1,	'zuz@sport.cz',	'6284112b98',	NULL,	'female',	'Zuzana',	'Ko',	1),
(603,	1,	'kam@sport.cz',	'28c5895eb0',	NULL,	'male',	'kamil',	'za',	1),
(604,	1,	'mag@sport.cz',	'887e2e70b8',	NULL,	'male',	'Jan',	'Ch',	1),
(605,	1,	'pav@sport.cz',	'b195b02712',	NULL,	'male',	'Pavel',	'Rý',	1),
(606,	1,	'lib@sport.cz',	'94685e66d8',	NULL,	'male',	'Libor',	'Kr',	1),
(608,	1,	'chr@sport.cz',	'b5461aebc8',	NULL,	'male',	'Igor',	'Ch',	2),
(609,	1,	'm.b@sport.cz',	'28b7fbbd18',	NULL,	'male',	'Martin',	'Bu',	1),
(610,	1,	'ven@sport.cz',	'fbd79bc4bb',	NULL,	'male',	'Václav',	'Zb',	1),
(611,	1,	'rud@sport.cz',	'cfbcc2112f',	NULL,	'male',	'Rudy',	'Ja',	1),
(612,	1,	'pet@sport.cz',	'4a76430668',	NULL,	'male',	'Petr',	'Be',	1),
(613,	1,	'pet@sport.cz',	'd518969644',	NULL,	'male',	'Petr',	'Šť',	1),
(614,	1,	'ane@sport.cz',	'a2fc77018b',	NULL,	'female',	'Aneta',	'Re',	1),
(615,	1,	'mar@sport.cz',	'b9a6b4274b',	NULL,	'male',	'Jaroslav',	'Ma',	1),
(616,	1,	'rom@sport.cz',	'3704ebaf94',	NULL,	'male',	'Roman',	'Ze',	1),
(617,	1,	'rom@sport.cz',	'69ced402a1',	NULL,	'male',	'Gerd',	'Si',	1),
(618,	1,	'mar@sport.cz',	'f640d005aa',	NULL,	'male',	'Marek',	'La',	1),
(619,	1,	'pie@sport.cz',	'86a3aafaad',	NULL,	'male',	'Peter',	'Mi',	2),
(620,	1,	'zni@sport.cz',	'b8bab9fa1a',	NULL,	'male',	'Ondřej',	'Žn',	1),
(621,	1,	'no_@sport.cz',	'23bbbd7c8d',	'',	'male',	'Tomáš',	'Bu',	1),
(622,	1,	'dnx@sport.cz',	'c33e57bc47',	NULL,	'male',	'Norbert',	'Pe',	1),
(623,	1,	'Dim@sport.cz',	'311986a62c',	NULL,	'male',	'Radim',	'Mi',	1),
(624,	1,	'pet@sport.cz',	'2fb9b93c25',	NULL,	'male',	'Petr',	'Pa',	1),
(625,	1,	'mic@sport.cz',	'c83013d421',	NULL,	'male',	'Michal',	'Ku',	1),
(626,	1,	'p.h@sport.cz',	'259d6bbb29',	NULL,	'male',	'Pavel',	'Hý',	1),
(627,	1,	'zbr@sport.cz',	'5c5b18e6fd',	NULL,	'male',	'Zdeněk',	'Zb',	1),
(628,	1,	'm.c@sport.cz',	'2a891121d3',	NULL,	'male',	'Miloš',	'Ce',	1),
(629,	1,	'cop@sport.cz',	'3519ae3928',	NULL,	'male',	'Milan',	'Fa',	1),
(630,	1,	'hav@sport.cz',	'670834cfc3',	NULL,	'male',	'Jan',	'Ha',	1),
(631,	1,	'luc@sport.cz',	'387584ff6c',	NULL,	'female',	'Lucie',	'Po',	1),
(632,	1,	'dan@sport.cz',	'5484f8ec63',	NULL,	'male',	'Daniel',	'Šm',	1),
(633,	1,	'mac@sport.cz',	'8f9021b233',	NULL,	'male',	'Ondřej',	'Ma',	1),
(634,	1,	'jan@sport.cz',	'287e72727e',	NULL,	'male',	'Ján',	'Ja',	2),
(635,	1,	'jar@sport.cz',	'cd730aeeab',	NULL,	'male',	'Jaroslav',	'Šm',	1),
(636,	1,	'kUb@sport.cz',	'2e54e72ef1',	NULL,	'male',	'Jakub',	'Gr',	1),
(637,	1,	'ond@sport.cz',	'b370d110ad',	NULL,	'male',	'Ondřej',	'Bu',	1),
(638,	1,	'jir@sport.cz',	'ef4bec71f6',	NULL,	'male',	'Jiří',	'Ru',	1),
(639,	1,	'mir@sport.cz',	'ef37ff9338',	NULL,	'female',	'Mirka',	'Di',	1),
(640,	1,	'bor@sport.cz',	'f21788dd6d',	NULL,	'male',	'Martin',	'Bo',	1),
(641,	1,	'jir@sport.cz',	'cbaa540b4a',	NULL,	'female',	'Jiří',	'Ku',	1),
(642,	1,	'put@sport.cz',	'42525a9225',	NULL,	'male',	'jan',	'pu',	1),
(643,	1,	'szc@sport.cz',	'50562f361a',	NULL,	'male',	'Roman',	'Sz',	1),
(644,	1,	'bar@sport.cz',	'b7f228a575',	NULL,	'male',	'martin',	'ba',	1),
(645,	1,	'sky@sport.cz',	'e9e6de1fcf',	NULL,	'male',	'Miroslav',	'Sk',	1),
(646,	1,	'jme@sport.cz',	'751948d167',	NULL,	'male',	'Jiří',	'Me',	1),
(647,	1,	NULL,	'f54b5a63ae',	NULL,	'female',	'Bohumila',	'Gr',	1),
(648,	1,	NULL,	'fc1a66b193',	NULL,	'male',	'Jan',	'Gr',	1),
(649,	1,	'dvo@sport.cz',	'58c5f536d8',	NULL,	'male',	'Adam',	'Dv',	1),
(650,	1,	'jan@sport.cz',	'31aa96fce1',	NULL,	'male',	'Jan',	'Va',	1),
(651,	1,	'hud@sport.cz',	'c82b3793b3',	NULL,	'male',	'Jan',	'Hu',	1),
(652,	1,	'mil@sport.cz',	'dd014f5752',	NULL,	'male',	'Miloš',	'Ho',	1),
(653,	1,	'pit@sport.cz',	'30d6df8ce7',	NULL,	'male',	'Mirek',	'Ur',	1),
(654,	1,	'ses@sport.cz',	'27bd2f461d',	NULL,	'male',	'Zbyněk',	'Se',	1),
(655,	1,	'zuz@sport.cz',	'61ade85ca6',	NULL,	'female',	'Zuzana',	'Vo',	1),
(656,	1,	'tom@sport.cz',	'0b256b1a77',	NULL,	'male',	'Tomas',	'Sm',	1),
(657,	1,	'and@sport.cz',	'beca253cfd',	NULL,	'female',	'Andrea',	'Ju',	2),
(658,	1,	'z.o@sport.cz',	'e2d055e552',	NULL,	'male',	'Zbyněk',	'Or',	1),
(659,	1,	'lib@sport.cz',	'125577c687',	NULL,	'male',	'Libor',	'Fo',	1),
(660,	1,	'hai@sport.cz',	'74068351b5',	NULL,	'male',	'František',	'Ha',	1),
(661,	1,	'ibe@sport.cz',	'9d987b8dae',	NULL,	'female',	'Irena',	'Be',	1),
(662,	1,	'seb@sport.cz',	'8ca01c945d',	NULL,	'male',	'rudolf',	'se',	1),
(663,	1,	'z.j@sport.cz',	'21994062ad',	NULL,	'female',	'Zuzana',	'Ju',	2),
(664,	1,	'sys@sport.cz',	'7721a06e42',	NULL,	'male',	'Zdeněk',	'Su',	1),
(665,	1,	'mil@sport.cz',	'bdf2c57893',	NULL,	'male',	'Milan',	'Kr',	1),
(666,	1,	'vac@sport.cz',	'2cba6bf064',	NULL,	'male',	'Vaclav',	'Li',	2),
(667,	1,	'jar@sport.cz',	'259ad1604e',	NULL,	'male',	'Jaroslav',	'Se',	1),
(668,	1,	'zuz@sport.cz',	'd18a14824e',	NULL,	'female',	'Lucie',	'Ma',	1),
(669,	1,	'bar@sport.cz',	'c89f555fb0',	NULL,	'female',	'Barbora',	'Sv',	1),
(670,	1,	'kar@sport.cz',	'c611be9094',	NULL,	'male',	'Petr',	'Na',	1),
(671,	1,	'mic@sport.cz',	'6ec71d4110',	NULL,	'male',	'Michal',	'Pi',	1),
(672,	1,	'm.n@sport.cz',	'ac535b8def',	NULL,	'male',	'Michal',	'Ne',	1),
(673,	1,	'mmb@sport.cz',	'1a5f134aa7',	NULL,	'male',	'Vít',	'Pa',	1),
(674,	1,	'vec@sport.cz',	'60a79310af',	NULL,	'male',	'Jan',	'Ve',	1),
(675,	1,	'dgl@sport.cz',	'a4ced4f032',	NULL,	'male',	'Daniel',	'Gl',	1),
(676,	1,	'jar@sport.cz',	'ce9dd5ad55',	NULL,	'female',	'Jarmila',	'Gl',	1),
(677,	1,	'pet@sport.cz',	'bac22596bb',	NULL,	'male',	'Petr',	'Ta',	1),
(679,	1,	'sim@sport.cz',	'70e014af5a',	NULL,	'male',	'Šimon',	'Ta',	1),
(680,	1,	'foo@sport.cz',	'c907ee93a5',	NULL,	'male',	'Ondřej',	'Fo',	1),
(681,	1,	'mar@sport.cz',	'506d045ed0',	NULL,	'male',	'Martin',	'Ve',	1),
(682,	1,	'mly@sport.cz',	'4e5bf7313e',	NULL,	'male',	'Zdeněk',	'Ml',	1),
(683,	1,	'got@sport.cz',	'b6ed37a6f9',	NULL,	'male',	'Pavel',	'Go',	1),
(684,	1,	'T.P@sport.cz',	'780ebdbb43',	NULL,	'male',	'Tomáš',	'Pl',	1),
(685,	1,	'Pet@sport.cz',	'2141828ce5',	NULL,	'male',	'Petr',	'Bl',	1),
(686,	1,	'kur@sport.cz',	'87064bd640',	NULL,	'female',	'Barbora',	'Ku',	1),
(687,	1,	'm.b@sport.cz',	'8f4aff5ca9',	NULL,	'male',	'Michael',	'Bo',	1),
(688,	1,	'Kat@sport.cz',	'eecb1173e2',	NULL,	'female',	'Kateřina',	'Ma',	1),
(689,	1,	'luk@sport.cz',	'ddf55b4fd9',	NULL,	'male',	'Lukas',	'Sv',	1),
(690,	1,	'dav@sport.cz',	'0d473c0cca',	NULL,	'male',	'David',	'Va',	1),
(691,	1,	'jir@sport.cz',	'ba035b7fe1',	NULL,	'male',	'Jiri',	'Bl',	1),
(692,	1,	'ste@sport.cz',	'cdd3587523',	NULL,	'male',	'Štefan',	'Fi',	2),
(693,	1,	't.k@sport.cz',	'e48ed7be70',	NULL,	'male',	'Tomáš',	'Kř',	1),
(694,	1,	'jan@sport.cz',	'f2d2841311',	NULL,	'female',	'Jana',	'Mo',	1),
(695,	1,	'ive@sport.cz',	'46c0708eca',	NULL,	'female',	'Iveta',	'Tr',	1),
(696,	1,	'jro@sport.cz',	'60cae73791',	NULL,	'male',	'Jan',	'Ro',	1),
(697,	1,	'ren@sport.cz',	'f3ccbcee0a',	NULL,	'male',	'DANIEL',	'ŽV',	1),
(698,	1,	'iva@sport.cz',	'5f44c5c8ee',	NULL,	'female',	'Ivana',	'Ob',	1),
(699,	1,	'ren@sport.cz',	'6679e79af0',	NULL,	'female',	'Renata',	'So',	1),
(700,	1,	'mic@sport.cz',	'6cf7757fa2',	NULL,	'female',	'Michaela',	'Be',	1),
(701,	1,	'kri@sport.cz',	'a5da81e577',	NULL,	'female',	'Kristýna',	'Ha',	1),
(702,	1,	'mic@sport.cz',	'e5c78c1c7e',	NULL,	'male',	'Michal',	'Bo',	1),
(703,	1,	'pet@sport.cz',	'3aa9c80f7b',	NULL,	'male',	'Petr',	'Ha',	1),
(704,	1,	'svi@sport.cz',	'a3c719212d',	NULL,	'male',	'Jan',	'Sv',	1),
(705,	1,	'juh@sport.cz',	'ecbcd4c65a',	NULL,	'male',	'Stefan',	'Ju',	2),
(706,	1,	NULL,	'53197d4080',	'',	'male',	'Pavel',	'Bo',	1),
(707,	1,	'jan@sport.cz',	'3febd7e159',	NULL,	'male',	'Jan',	'Jo',	1),
(708,	1,	'luk@sport.cz',	'ac14e38d58',	NULL,	'male',	'Radim',	'Ko',	1),
(710,	1,	'bik@sport.cz',	'04e61bd8e2',	NULL,	'male',	'Michal',	'Ko',	1),
(711,	1,	'luk@sport.cz',	'809b9ee2ff',	NULL,	'male',	'Lukáš',	'Vl',	1),
(712,	1,	'mar@sport.cz',	'321eae0795',	NULL,	'male',	'Marek',	'Pa',	1),
(713,	1,	'voj@sport.cz',	'5f381d72c9',	NULL,	'male',	'Vojtěch',	'Ko',	1),
(714,	1,	'vac@sport.cz',	'011a64bc67',	NULL,	'male',	'Václav',	'Ve',	1),
(715,	1,	'j.v@sport.cz',	'a81179cbb4',	NULL,	'male',	'Jiří',	'Vi',	1),
(716,	1,	'bej@sport.cz',	'f60825084d',	NULL,	'male',	'Filip',	'Ba',	1),
(718,	1,	'pat@sport.cz',	'6c56153524',	NULL,	'male',	'Matyáš',	'Do',	1),
(719,	1,	'ror@sport.cz',	'00000a73b0',	NULL,	'male',	'Martin',	'Ha',	1),
(720,	1,	'gla@sport.cz',	'f932b219b3',	NULL,	'male',	'Jiří',	'Če',	1),
(721,	1,	'mic@sport.cz',	'd9413927eb',	NULL,	'male',	'Michal',	'Mu',	2),
(722,	1,	NULL,	'53a085ce06',	'',	'male',	'Jaroslav',	'Ku',	1),
(723,	1,	'ima@sport.cz',	'a490a44a3b',	NULL,	'female',	'Barbora',	'Ma',	1),
(724,	1,	'dav@sport.cz',	'c7ab5eadcc',	'',	'male',	'David',	'Ma',	1),
(725,	1,	'jir@sport.cz',	'20ac9d08d5',	'',	'male',	'Jiří',	'Pe',	1),
(726,	1,	'mil@sport.cz',	'ec902481a7',	NULL,	'male',	'Miloslav',	'Kl',	1),
(727,	1,	'pon@sport.cz',	'7f0a13e3af',	NULL,	'male',	'LIbor',	'Po',	1),
(728,	1,	'mic@sport.cz',	'c9bb6e5805',	NULL,	'male',	'Michal',	'Ku',	1),
(729,	1,	'dre@sport.cz',	'9db48aad40',	'',	'male',	'Robert',	'Dr',	1),
(730,	1,	'smi@sport.cz',	'ad35892edd',	'',	'male',	'Tomáš',	'Šm',	1),
(731,	1,	'jar@sport.cz',	'923298fca8',	'',	'female',	'Jarmila',	'Fr',	1),
(732,	1,	'ini@sport.cz',	'dbff088e3b',	'',	'male',	'Nikola',	'Iv',	1),
(734,	1,	'nic@sport.cz',	'8912330bcd',	'',	'female',	'Martina',	'So',	1),
(735,	1,	'jan@sport.cz',	'fac9505032',	'',	'male',	'Jan',	'Če',	1),
(736,	1,	'xx@@sport.cz',	'7efae570d0',	'',	'male',	'Zdenek',	'Kr',	1),
(737,	1,	'bar@sport.cz',	'6d33d7dd24',	'',	'female',	'Barbora',	'Vá',	1),
(738,	1,	'xx@@sport.cz',	'45340d6388',	'',	'male',	'Luděk',	'Na',	1),
(739,	1,	'j.k@sport.cz',	'72607c3dd2',	'',	'male',	'Jiří',	'Ko',	1),
(740,	1,	'hor@sport.cz',	'e8ddc5b8ee',	'',	'male',	'Radim',	'Ho',	1),
(741,	1,	'rom@sport.cz',	'209c66a940',	'',	'male',	'Roman',	'Hy',	1),
(742,	1,	'dol@sport.cz',	'73f15dce6f',	'',	'male',	'Ondřej',	'Do',	1),
(743,	1,	'sja@sport.cz',	'e842e26587',	'',	'male',	'Stanislav',	'Ja',	1),
(744,	1,	'ivu@sport.cz',	'2b49f9db03',	'',	'female',	'Iva',	'Ha',	1),
(745,	1,	'gol@sport.cz',	'e4000dc9ac',	'',	'male',	'Tomáš',	'Go',	1),
(746,	1,	'gar@sport.cz',	'4be10c073c',	'',	'male',	'Petr',	'Ga',	1),
(747,	1,	'kub@sport.cz',	'c102f9ee44',	'',	'male',	'Petr',	'Ku',	1),
(748,	1,	'sva@sport.cz',	'853f952bae',	'2K BIKE CLUB ODRY',	'male',	'David',	'Šv',	1),
(749,	1,	'rad@sport.cz',	'd97fccd2dd',	'',	'male',	'Matouš',	'Ul',	1),
(750,	1,	'alc@sport.cz',	'7e3308517e',	'',	'female',	'Alena',	'Kr',	1),
(751,	1,	'mar@sport.cz',	'ca15222a11',	'',	'male',	'Martin',	'Ha',	1),
(752,	1,	'dan@sport.cz',	'f7206a17c5',	'',	'female',	'Daniela',	'Ch',	1),
(753,	1,	'sti@sport.cz',	'6c4d47b75b',	'',	'male',	'Mojmír',	'St',	1),
(754,	1,	'mar@sport.cz',	'5d3be0cd15',	'',	'male',	'Martin',	'Va',	1),
(756,	1,	'mly@sport.cz',	'e7b95c5665',	'',	'male',	'Zdeněk',	'Ml',	1),
(757,	1,	'rad@sport.cz',	'5c31c8051b',	'',	'male',	'Radim',	'Ch',	1),
(758,	1,	'jos@sport.cz',	'fea32a0b73',	'',	'male',	'Josef',	'Ku',	1),
(759,	1,	'mat@sport.cz',	'979a278471',	'',	'male',	'Martin',	'Om',	1),
(760,	1,	'mac@sport.cz',	'ff2e5c60dc',	'',	'male',	'Miroslav',	'Má',	1),
(761,	1,	'xx@@sport.cz',	'dcb2a257e9',	'',	'male',	'Daniel',	'Ja',	1),
(762,	1,	'pkv@sport.cz',	'edaee00e77',	'',	'male',	'Pavol',	'Kv',	1),
(763,	1,	'sko@sport.cz',	'f8d4aa0951',	NULL,	'male',	'Ján',	'Sk',	2),
(764,	1,	'Luk@sport.cz',	'0f1cbe97d2',	NULL,	'male',	'Lukáš',	'No',	1),
(765,	1,	'kan@sport.cz',	'3bd5ef06d2',	NULL,	'male',	'Miki',	'Po',	1),
(766,	1,	'pal@sport.cz',	'fac7087679',	NULL,	'male',	'Pavel',	'Ho',	1),
(768,	1,	'luc@sport.cz',	'a72571484f',	NULL,	'female',	'lucie',	'tu',	1),
(769,	1,	'kol@sport.cz',	'191f0b17f0',	NULL,	'male',	'Radim',	'Kl',	1),
(770,	1,	'haj@sport.cz',	'0cdf4d4fa8',	NULL,	'male',	'Petr',	'Ha',	1),
(771,	1,	'Pep@sport.cz',	'b10f693dff',	NULL,	'male',	'Josef',	'Čo',	1),
(772,	1,	'jir@sport.cz',	'69d0395c83',	NULL,	'male',	'Jiri',	'Do',	1),
(773,	1,	NULL,	'319db1a18c',	'',	'male',	'František',	'Ne',	1),
(774,	1,	'jab@sport.cz',	NULL,	NULL,	'male',	'Ja',	'Tr',	NULL);

-- 2014-02-21 10:54:29
